Workbook

Sheet Roteirização
A1: nome | B1: lat | C1: lng | D1: tipo | E1: descricao | F1: cep | G1: rota
A2: {=_xlfn.UNIQUE(Prog!E1:E924)} -> DESTINATARIO
A3: United Auto Nagoya Comercio De Veiculos | B3: =IFERROR(_xlfn.XLOOKUP(F3,BASE!F:F,BASE!B:B),"") -> -23.567631 | C3: =IFERROR(_xlfn.XLOOKUP(F3,BASE!F:F,BASE!C:C),"") -> -46.498993 | D3: =IFERROR(VLOOKUP(A3,BASE!A:D,4,),"") -> amarelo | E3: =IFERROR(_xlfn.XLOOKUP(F3,Prog!J:J,Prog!A:A),"") -> AUTO 801 | F3: =IFERROR(VLOOKUP(A3,Prog!E:J,6,0),"") -> 03527-000 | G3: =E3 -> AUTO 801
A4: Fernanda Serafim | B4: =IFERROR(_xlfn.XLOOKUP(F4,BASE!F:F,BASE!B:B),"") -> -23.659373121649352 | C4: =IFERROR(_xlfn.XLOOKUP(F4,BASE!F:F,BASE!C:C),"") -> -46.70699828890128 | D4: =IFERROR(VLOOKUP(A4,BASE!A:D,4,),"") -> aquamarine | E4: =IFERROR(_xlfn.XLOOKUP(F4,Prog!J:J,Prog!A:A),"") -> Rota 23 | F4: =IFERROR(VLOOKUP(A4,Prog!E:J,6,0),"") -> 04746-110 | G4: =E4 -> Rota 23
A5: Maq Ville Pecas E Servicos Ltda | B5: =IFERROR(_xlfn.XLOOKUP(F5,BASE!F:F,BASE!B:B),"") -> -23.575035178332552 | C5: =IFERROR(_xlfn.XLOOKUP(F5,BASE!F:F,BASE!C:C),"") -> -46.70773153308379 | D5: =IFERROR(VLOOKUP(A5,BASE!A:D,4,),"") -> aquamarine | E5: =IFERROR(_xlfn.XLOOKUP(F5,Prog!J:J,Prog!A:A),"") -> Rota 34 | F5: =IFERROR(VLOOKUP(A5,Prog!E:J,6,0),"") -> 05510-001 | G5: =E5 -> Rota 34
A6: Tabata Fernandes | B6: =IFERROR(_xlfn.XLOOKUP(F6,BASE!F:F,BASE!B:B),"") -> -23.51453189363787 | C6: =IFERROR(_xlfn.XLOOKUP(F6,BASE!F:F,BASE!C:C),"") -> -46.716306704249874 | D6: =IFERROR(VLOOKUP(A6,BASE!A:D,4,),"") -> aquamarine | E6: =IFERROR(_xlfn.XLOOKUP(F6,Prog!J:J,Prog!A:A),"") -> Rota 31 | F6: =IFERROR(VLOOKUP(A6,Prog!E:J,6,0),"") -> 05092-000 | G6: =E6 -> Rota 31
A7: 227392 - Pbkids Brinquedos - Grupo RH | B7: =IFERROR(_xlfn.XLOOKUP(F7,BASE!F:F,BASE!B:B),"") -> -23.68303895291024 | C7: =IFERROR(_xlfn.XLOOKUP(F7,BASE!F:F,BASE!C:C),"") -> -46.55811628308023 | D7: =IFERROR(VLOOKUP(A7,BASE!A:D,4,),"") -> azul | E7: =IFERROR(_xlfn.XLOOKUP(F7,Prog!J:J,Prog!A:A),"") -> AGENDA 16 | F7: =IFERROR(VLOOKUP(A7,Prog!E:J,6,0),"") -> 09726-252 | G7: =E7 -> AGENDA 16
A8: Art Walk - B. Perdizes | B8: =IFERROR(_xlfn.XLOOKUP(F8,BASE!F:F,BASE!B:B),"") -> -23.527801 | C8: =IFERROR(_xlfn.XLOOKUP(F8,BASE!F:F,BASE!C:C),"") -> -46.680122 | D8: =IFERROR(VLOOKUP(A8,BASE!A:D,4,),"") -> verde | E8: =IFERROR(_xlfn.XLOOKUP(F8,Prog!J:J,Prog!A:A),"") -> Rota 31 | F8: =IFERROR(VLOOKUP(A8,Prog!E:J,6,0),"") -> 05005-900 | G8: =E8 -> Rota 31
A9: Sapiens - Consultoria De Marketing | B9: =IFERROR(_xlfn.XLOOKUP(F9,BASE!F:F,BASE!B:B),"") -> -23.565286730918853 | C9: =IFERROR(_xlfn.XLOOKUP(F9,BASE!F:F,BASE!C:C),"") -> -46.70550650424805 | D9: =IFERROR(VLOOKUP(A9,BASE!A:D,4,),"") -> aquamarine | E9: =IFERROR(_xlfn.XLOOKUP(F9,Prog!J:J,Prog!A:A),"") -> Rota 34 | F9: =IFERROR(VLOOKUP(A9,Prog!E:J,6,0),"") -> 05505-040 | G9: =E9 -> Rota 34
A10: Afeet - Bourdon | B10: =IFERROR(_xlfn.XLOOKUP(F10,BASE!F:F,BASE!B:B),"") -> -23.528044 | C10: =IFERROR(_xlfn.XLOOKUP(F10,BASE!F:F,BASE!C:C),"") -> -46.679591 | D10: =IFERROR(VLOOKUP(A10,BASE!A:D,4,),"") -> azul | E10: =IFERROR(_xlfn.XLOOKUP(F10,Prog!J:J,Prog!A:A),"") -> P 7000 | F10: =IFERROR(VLOOKUP(A10,Prog!E:J,6,0),"") -> 05005-030 | G10: =E10 -> P 7000
A11: COMPANHIA BRASILEIRA DE DISTRIBUICAO AUTOMOTIVA S.A | B11: =IFERROR(_xlfn.XLOOKUP(F11,BASE!F:F,BASE!B:B),"") -> -23.63916589883055 | C11: =IFERROR(_xlfn.XLOOKUP(F11,BASE!F:F,BASE!C:C),"") -> -46.58871662241577 | D11: =IFERROR(VLOOKUP(A11,BASE!A:D,4,),"") -> aquamarine | E11: =IFERROR(_xlfn.XLOOKUP(F11,Prog!J:J,Prog!A:A),"") -> AGENDA 13 | F11: =IFERROR(VLOOKUP(A11,Prog!E:J,6,0),"") -> 04185-160 | G11: =E11 -> AGENDA 13
A12: Unimed S J Campos Coop Trab Medico | B12: =IFERROR(_xlfn.XLOOKUP(F12,BASE!F:F,BASE!B:B),"") -> -23.207377454339365 | C12: =IFERROR(_xlfn.XLOOKUP(F12,BASE!F:F,BASE!C:C),"") -> -45.890709779127114 | D12: =IFERROR(VLOOKUP(A12,BASE!A:D,4,),"") -> rosa | E12: =IFERROR(_xlfn.XLOOKUP(F12,Prog!J:J,Prog!A:A),"") -> LS Rota 44 R | F12: =IFERROR(VLOOKUP(A12,Prog!E:J,6,0),"") -> 12245-481 | G12: =E12 -> LS Rota 44 R
A13: Veder Do Brasil Eireli | B13: =IFERROR(_xlfn.XLOOKUP(F13,BASE!F:F,BASE!B:B),"") -> -23.587884560262292 | C13: =IFERROR(_xlfn.XLOOKUP(F13,BASE!F:F,BASE!C:C),"") -> -46.56033373308334 | D13: =IFERROR(VLOOKUP(A13,BASE!A:D,4,),"") -> aquamarine | E13: =IFERROR(_xlfn.XLOOKUP(F13,Prog!J:J,Prog!A:A),"") -> Rota 26 | F13: =IFERROR(VLOOKUP(A13,Prog!E:J,6,0),"") -> 03223-110 | G13: =E13 -> Rota 26
A14: MEDMOGI MED ORTOPEDICOS SUZANMED | B14: =IFERROR(_xlfn.XLOOKUP(F14,BASE!F:F,BASE!B:B),"") -> -23.521340768495453 | C14: =IFERROR(_xlfn.XLOOKUP(F14,BASE!F:F,BASE!C:C),"") -> -46.19190497541355 | D14: =IFERROR(VLOOKUP(A14,BASE!A:D,4,),"") -> rosa | E14: =IFERROR(_xlfn.XLOOKUP(F14,Prog!J:J,Prog!A:A),"") -> LS Rota 45 | F14: =IFERROR(VLOOKUP(A14,Prog!E:J,6,0),"") -> 08710-160 | G14: =E14 -> LS Rota 45
... A22: Fuad Said Madi | B22: =IFERROR(_xlfn.XLOOKUP(F22,BASE!F:F,BASE!B:B),"") -> -23.985227156080423 | C22: =IFERROR(_xlfn.XLOOKUP(F22,BASE!F:F,BASE!C:C),"") -> -46.26565963039967 | D22: =IFERROR(VLOOKUP(A22,BASE!A:D,4,),"") -> aquamarine | E22: =IFERROR(_xlfn.XLOOKUP(F22,Prog!J:J,Prog!A:A),"") -> Rota 36 | F22: =IFERROR(VLOOKUP(A22,Prog!E:J,6,0),"") -> 11460-000 | G22: =E22 -> Rota 36
A23: Rialan Litoral Comercio De Autopecas Ltda | B23: =IFERROR(_xlfn.XLOOKUP(F23,BASE!F:F,BASE!B:B),"") -> -23.92234353524191 | C23: =IFERROR(_xlfn.XLOOKUP(F23,BASE!F:F,BASE!C:C),"") -> -46.409254213560125 | D23: aquamarine | E23: =IFERROR(_xlfn.XLOOKUP(F23,Prog!J:J,Prog!A:A),"") -> Rota 37 | F23: =IFERROR(VLOOKUP(A23,Prog!E:J,6,0),"") -> 11533-040 | G23: =E23 -> Rota 37
A24: Sampa Motors Ltda | B24: =IFERROR(_xlfn.XLOOKUP(F24,BASE!F:F,BASE!B:B),"") -> -23.502341 | C24: =IFERROR(_xlfn.XLOOKUP(F24,BASE!F:F,BASE!C:C),"") -> -46.707005 | D24: =IFERROR(VLOOKUP(A24,BASE!A:D,4,),"") -> amarelo | E24: =IFERROR(_xlfn.XLOOKUP(F24,Prog!J:J,Prog!A:A),"") -> H 701 DHL | F24: =IFERROR(VLOOKUP(A24,Prog!E:J,6,0),"") -> 02924-000 | G24: =E24 -> H 701 DHL
A25: Ascendant Comercio De Veiculos Ltda | B25: =IFERROR(_xlfn.XLOOKUP(F25,BASE!F:F,BASE!B:B),"") -> -23.670316375710623 | C25: =IFERROR(_xlfn.XLOOKUP(F25,BASE!F:F,BASE!C:C),"") -> -46.70282054657272 | D25: =IFERROR(VLOOKUP(A25,BASE!A:D,4,),"") -> amarelo | E25: =IFERROR(_xlfn.XLOOKUP(F25,Prog!J:J,Prog!A:A),"") -> H 703 | F25: =IFERROR(VLOOKUP(A25,Prog!E:J,6,0),"") -> 04795-100 | G25: =E25 -> H 703
A26: Cmd Automoveis Ltda Honda Forte | B26: =IFERROR(_xlfn.XLOOKUP(F26,BASE!F:F,BASE!B:B),"") -> -23.518109 | C26: =IFERROR(_xlfn.XLOOKUP(F26,BASE!F:F,BASE!C:C),"") -> -46.60896 | D26: =IFERROR(VLOOKUP(A26,BASE!A:D,4,),"") -> amarelo | E26: =IFERROR(_xlfn.XLOOKUP(F26,Prog!J:J,Prog!A:A),"") -> H 702 | F26: =IFERROR(VLOOKUP(A26,Prog!E:J,6,0),"") -> 02054-050 | G26: =E26 -> H 702
A27: Cmd Automoveis Ltda | B27: =IFERROR(_xlfn.XLOOKUP(F27,BASE!F:F,BASE!B:B),"") -> -23.536423 | C27: =IFERROR(_xlfn.XLOOKUP(F27,BASE!F:F,BASE!C:C),"") -> -46.73163 | D27: =IFERROR(VLOOKUP(A27,BASE!A:D,4,),"") -> amarelo | E27: =IFERROR(_xlfn.XLOOKUP(F27,Prog!J:J,Prog!A:A),"") -> H 705 | F27: =IFERROR(VLOOKUP(A27,Prog!E:J,6,0),"") -> 05314-001 | G27: =E27 -> H 705
A28: Abc Motors Ltda | B28: =IFERROR(_xlfn.XLOOKUP(F28,BASE!F:F,BASE!B:B),"") -> -23.613868 | C28: =IFERROR(_xlfn.XLOOKUP(F28,BASE!F:F,BASE!C:C),"") -> -46.577669 | D28: =IFERROR(VLOOKUP(A28,BASE!A:D,4,),"") -> amarelo | E28: =IFERROR(_xlfn.XLOOKUP(F28,Prog!J:J,Prog!A:A),"") -> H 700 | F28: =IFERROR(VLOOKUP(A28,Prog!E:J,6,0),"") -> 09521-040 | G28: =E28 -> H 700
A29: United Auto Nagoya Com De Veiculos | B29: =IFERROR(_xlfn.XLOOKUP(F29,BASE!F:F,BASE!B:B),"") -> -23.612776338449073 | C29: =IFERROR(_xlfn.XLOOKUP(F29,BASE!F:F,BASE!C:C),"") -> -46.72955481513777 | D29: =IFERROR(VLOOKUP(A29,BASE!A:D,4,),"") -> amarelo | E29: =IFERROR(_xlfn.XLOOKUP(F29,Prog!J:J,Prog!A:A),"") -> H 708 | F29: =IFERROR(VLOOKUP(A29,Prog!E:J,6,0),"") -> 05724-001 | G29: =E29 -> H 708
A30: Daitan Comercio De Veiculos Ltda | B30: =IFERROR(_xlfn.XLOOKUP(F30,BASE!F:F,BASE!B:B),"") -> -23.625027927116182 | C30: =IFERROR(_xlfn.XLOOKUP(F30,BASE!F:F,BASE!C:C),"") -> -46.64018410424612 | D30: =IFERROR(VLOOKUP(A30,BASE!A:D,4,),"") -> amarelo | E30: =IFERROR(_xlfn.XLOOKUP(F30,Prog!J:J,Prog!A:A),"") -> H 703 | F30: =IFERROR(VLOOKUP(A30,Prog!E:J,6,0),"") -> 04045-004 | G30: =E30 -> H 703
A31: Sp Japan Motors Dist.De Veics.Ltda | B31: =IFERROR(_xlfn.XLOOKUP(F31,BASE!F:F,BASE!B:B),"") -> -23.567817 | C31: =IFERROR(_xlfn.XLOOKUP(F31,BASE!F:F,BASE!C:C),"") -> -46.612498 | D31: =IFERROR(VLOOKUP(A31,BASE!A:D,4,),"") -> amarelo | E31: =IFERROR(_xlfn.XLOOKUP(F31,Prog!J:J,Prog!A:A),"") -> H 706 JAPAN | F31: =IFERROR(VLOOKUP(A31,Prog!E:J,6,0),"") -> 01524-000 | G31: =E31 -> H 706 JAPAN
A32: United Auto Nagoya Ltda | B32: =IFERROR(_xlfn.XLOOKUP(F32,BASE!F:F,BASE!B:B),"") -> -23.66013710875708 | C32: =IFERROR(_xlfn.XLOOKUP(F32,BASE!F:F,BASE!C:C),"") -> -46.53102105024517 | D32: =IFERROR(VLOOKUP(A32,BASE!A:D,4,),"") -> amarelo | E32: =IFERROR(_xlfn.XLOOKUP(F32,Prog!J:J,Prog!A:A),"") -> H 700 | F32: =IFERROR(VLOOKUP(A32,Prog!E:J,6,0),"") -> 09040-160 | G32: =E32 -> H 700
A33: Sp Japan Motors Distribuidora De Veiculos Ltda | B33: =IFERROR(_xlfn.XLOOKUP(F33,BASE!F:F,BASE!B:B),"") -> -23.545485 | C33: =IFERROR(_xlfn.XLOOKUP(F33,BASE!F:F,BASE!C:C),"") -> -46.556715 | D33: =IFERROR(VLOOKUP(A33,BASE!A:D,4,),"") -> amarelo | E33: =IFERROR(_xlfn.XLOOKUP(F33,Prog!J:J,Prog!A:A),"") -> H 706 JAPAN | F33: =IFERROR(VLOOKUP(A33,Prog!E:J,6,0),"") -> 03321-001 | G33: =E33 -> H 706 JAPAN
A34: United Auto Nagoya Com.Veiculos Ltda | B34: =IFERROR(_xlfn.XLOOKUP(F34,BASE!F:F,BASE!B:B),"") -> -23.672905528157607 | C34: =IFERROR(_xlfn.XLOOKUP(F34,BASE!F:F,BASE!C:C),"") -> -46.56919917726045 | D34: =IFERROR(VLOOKUP(A34,BASE!A:D,4,),"") -> amarelo | E34: =IFERROR(_xlfn.XLOOKUP(F34,Prog!J:J,Prog!A:A),"") -> H 700 | F34: =IFERROR(VLOOKUP(A34,Prog!E:J,6,0),"") -> 09609-000 | G34: =E34 -> H 700
A35: Sp Japan Motors Distrib. De Veic. L | B35: =IFERROR(_xlfn.XLOOKUP(F35,BASE!F:F,BASE!B:B),"") -> -23.588675 | C35: =IFERROR(_xlfn.XLOOKUP(F35,BASE!F:F,BASE!C:C),"") -> -46.62045 | D35: =IFERROR(VLOOKUP(A35,BASE!A:D,4,),"") -> amarelo | E35: =IFERROR(_xlfn.XLOOKUP(F35,Prog!J:J,Prog!A:A),"") -> H 706 JAPAN | F35: =IFERROR(VLOOKUP(A35,Prog!E:J,6,0),"") -> 04260-000 | G35: =E35 -> H 706 JAPAN
... A137: Notre Dame Intermedica Saude S.A | B137: =IFERROR(_xlfn.XLOOKUP(F137,BASE!F:F,BASE!B:B),"") -> -23.69201996578947 | C137: =IFERROR(_xlfn.XLOOKUP(F137,BASE!F:F,BASE!C:C),"") -> -46.55586744657212 | D137: =IFERROR(VLOOKUP(A137,BASE!A:D,4,),"") -> rosa | E137: =IFERROR(_xlfn.XLOOKUP(F137,Prog!J:J,Prog!A:A),"") -> LS Rota 49 | F137: =IFERROR(VLOOKUP(A137,Prog!E:J,6,0),"") -> 09750-660 | G137: =E137 -> LS Rota 49
A138: Notre Dame Intermedica S.A | B138: =IFERROR(_xlfn.XLOOKUP(F138,BASE!F:F,BASE!B:B),"") -> -23.682014746595915 | C138: =IFERROR(_xlfn.XLOOKUP(F138,BASE!F:F,BASE!C:C),"") -> -46.54302456191632 | D138: =IFERROR(VLOOKUP(A138,BASE!A:D,4,),"") -> rosa | E138: LS Rota 49 | F138: =IFERROR(VLOOKUP(A138,Prog!E:J,6,0),"") -> 09751-000 | G138: =E138 -> LS Rota 49
A139: ASSOCIACAO FUNDO DE INCENTIVO A PESQUISA | B139: =IFERROR(_xlfn.XLOOKUP(F139,BASE!F:F,BASE!B:B),"") -> -23.76640933366652 | C139: =IFERROR(_xlfn.XLOOKUP(F139,BASE!F:F,BASE!C:C),"") -> -46.58650636084093 | D139: =IFERROR(VLOOKUP(A139,BASE!A:D,4,),"") -> rosa | E139: =IFERROR(_xlfn.XLOOKUP(F139,Prog!J:J,Prog!A:A),"") -> LS Rota 49 | F139: =IFERROR(VLOOKUP(A139,Prog!E:J,6,0),"") -> 09843-400 | G139: =E139 -> LS Rota 49
A140: Ph 7 Comercio E Rep De Prod P Diag Ltda | B140: =IFERROR(_xlfn.XLOOKUP(F140,BASE!F:F,BASE!B:B),"") -> -23.560491217411833 | C140: =IFERROR(_xlfn.XLOOKUP(F140,BASE!F:F,BASE!C:C),"") -> -46.68737096192091 | D140: =IFERROR(VLOOKUP(A140,BASE!A:D,4,),"") -> rosa | E140: =IFERROR(_xlfn.XLOOKUP(F140,Prog!J:J,Prog!A:A),"") -> LS Rota 49 | F140: =IFERROR(VLOOKUP(A140,Prog!E:J,6,0),"") -> 09715-130 | G140: =E140 -> LS Rota 49
A141: Prevent Senior Atendimento A Saude | B141: =IFERROR(_xlfn.XLOOKUP(F141,BASE!F:F,BASE!B:B),"") -> -23.664829859746778 | C141: =IFERROR(_xlfn.XLOOKUP(F141,BASE!F:F,BASE!C:C),"") -> -46.56914878890099 | D141: =IFERROR(VLOOKUP(A141,BASE!A:D,4,),"") -> rosa | E141: =IFERROR(_xlfn.XLOOKUP(F141,Prog!J:J,Prog!A:A),"") -> LS Rota 49 | F141: =IFERROR(VLOOKUP(A141,Prog!E:J,6,0),"") -> 09611-000 | G141: =E141 -> LS Rota 49
A142: Rede D Or Sao Luiz Sa | B142: =IFERROR(_xlfn.XLOOKUP(F142,BASE!F:F,BASE!B:B),"") -> -23.71353493160424 | C142: =IFERROR(_xlfn.XLOOKUP(F142,BASE!F:F,BASE!C:C),"") -> -46.41962998889959 | D142: =IFERROR(VLOOKUP(A142,BASE!A:D,4,),"") -> rosa | E142: =IFERROR(_xlfn.XLOOKUP(F142,Prog!J:J,Prog!A:A),"") -> LS Rota 49 | F142: =IFERROR(VLOOKUP(A142,Prog!E:J,6,0),"") -> 09424-080 | G142: =E142 -> LS Rota 49
A143: Instituto Hermes Pardini Sa | B143: =IFERROR(_xlfn.XLOOKUP(F143,BASE!F:F,BASE!B:B),"") -> -23.49644469789858 | C143: =IFERROR(_xlfn.XLOOKUP(F143,BASE!F:F,BASE!C:C),"") -> -46.626185943998955 | D143: =IFERROR(VLOOKUP(A143,BASE!A:D,4,),"") -> rosa | E143: =IFERROR(_xlfn.XLOOKUP(F143,Prog!J:J,Prog!A:A),"") -> LS Rota 47 | F143: =IFERROR(VLOOKUP(A143,Prog!E:J,6,0),"") -> 02401-100 | G143: =E143 -> LS Rota 47
A144: Intermedica Sist Saude Sa | B144: =IFERROR(_xlfn.XLOOKUP(F144,BASE!F:F,BASE!B:B),"") -> -23.51177688494652 | C144: =IFERROR(_xlfn.XLOOKUP(F144,BASE!F:F,BASE!C:C),"") -> -46.58379049458572 | D144: =IFERROR(VLOOKUP(A144,BASE!A:D,4,),"") -> rosa | E144: =IFERROR(_xlfn.XLOOKUP(F144,Prog!J:J,Prog!A:A),"") -> LS Rota 47 | F144: =IFERROR(VLOOKUP(A144,Prog!E:J,6,0),"") -> 02122-080 | G144: =E144 -> LS Rota 47
A145: Prevent Senior Private Operadora De Saud | B145: =IFERROR(_xlfn.XLOOKUP(F145,BASE!F:F,BASE!B:B),"") -> -23.61683160790286 | C145: =IFERROR(_xlfn.XLOOKUP(F145,BASE!F:F,BASE!C:C),"") -> -46.702064068620885 | D145: =IFERROR(VLOOKUP(A145,BASE!A:D,4,),"") -> rosa | E145: =IFERROR(_xlfn.XLOOKUP(F145,Prog!J:J,Prog!A:A),"") -> LS Rota 50 | F145: =IFERROR(VLOOKUP(A145,Prog!E:J,6,0),"") -> 05686-902 | G145: =E145 -> LS Rota 50
A146: Prevent Senior Private Operadora De Saude Ltda | B146: =IFERROR(_xlfn.XLOOKUP(F146,BASE!F:F,BASE!B:B),"") -> -23.564057297540263 | C146: =IFERROR(_xlfn.XLOOKUP(F146,BASE!F:F,BASE!C:C),"") -> -46.59164659075597 | D146: =IFERROR(VLOOKUP(A146,BASE!A:D,4,),"") -> rosa | E146: =IFERROR(_xlfn.XLOOKUP(F146,Prog!J:J,Prog!A:A),"") -> LS Rota 42 R | F146: =IFERROR(VLOOKUP(A146,Prog!E:J,6,0),"") -> 03119-010 | G146: =E146 -> LS Rota 42 R
A147: Casa De Saude Santa Marcelina | B147: =IFERROR(_xlfn.XLOOKUP(F147,BASE!F:F,BASE!B:B),"") -> -23.56482055963156 | C147: =IFERROR(_xlfn.XLOOKUP(F147,BASE!F:F,BASE!C:C),"") -> -46.42308993123234 | D147: =IFERROR(VLOOKUP(A147,BASE!A:D,4,),"") -> rosa | E147: =IFERROR(_xlfn.XLOOKUP(F147,Prog!J:J,Prog!A:A),"") -> LS Rota 42 R | F147: =IFERROR(VLOOKUP(A147,Prog!E:J,6,0),"") -> 08270-070 | G147: =E147 -> LS Rota 42 R
A148: Laboratorios Clinicos Associados Lt | B148: =IFERROR(_xlfn.XLOOKUP(F148,BASE!F:F,BASE!B:B),"") -> -23.635912029907733 | C148: =IFERROR(_xlfn.XLOOKUP(F148,BASE!F:F,BASE!C:C),"") -> -46.66305065623297 | D148: =IFERROR(VLOOKUP(A148,BASE!A:D,4,),"") -> rosa | E148: =IFERROR(_xlfn.XLOOKUP(F148,Prog!J:J,Prog!A:A),"") -> LS Rota 50 | F148: =IFERROR(VLOOKUP(A148,Prog!E:J,6,0),"") -> 04633-000 | G148: =E148 -> LS Rota 50
A149: Pensabio Instrumentos De Biotecnolo | B149: =IFERROR(_xlfn.XLOOKUP(F149,BASE!F:F,BASE!B:B),"") -> -23.52764865375098 | C149: =IFERROR(_xlfn.XLOOKUP(F149,BASE!F:F,BASE!C:C),"") -> -46.69777192381932 | D149: =IFERROR(VLOOKUP(A149,BASE!A:D,4,),"") -> rosa | E149: =IFERROR(_xlfn.XLOOKUP(F149,Prog!J:J,Prog!A:A),"") -> LS Rota 48 | F149: =IFERROR(VLOOKUP(A149,Prog!E:J,6,0),"") -> 05046-000
A150: Alqbeauty Comercio Varejista De Perfumaria E Cosmetica Ltda | B150: =IFERROR(_xlfn.XLOOKUP(F150,BASE!F:F,BASE!B:B),"") -> -23.678422094546857 | C150: =IFERROR(_xlfn.XLOOKUP(F150,BASE!F:F,BASE!C:C),"") -> -46.69861766191645 | D150: =IFERROR(VLOOKUP(A150,BASE!A:D,4,),"") -> aquamarine | E150: =IFERROR(_xlfn.XLOOKUP(F150,Prog!J:J,Prog!A:A),"") -> Rota 23 | F150: =IFERROR(VLOOKUP(A150,Prog!E:J,6,0),"") -> 04795-921 | G150: =E150 -> Rota 23
A151: Aricanduva Comercio Varejista De Perfumaria E Cosmetica Ltda | B151: =IFERROR(_xlfn.XLOOKUP(F151,BASE!F:F,BASE!B:B),"") -> -23.567631 | C151: =IFERROR(_xlfn.XLOOKUP(F151,BASE!F:F,BASE!C:C),"") -> -46.498993 | D151: aquamarine | E151: Rota 26 | F151: =IFERROR(VLOOKUP(A151,Prog!E:J,6,0),"") -> 03527-000 | G151: =E151 -> Rota 26
A152: Parfum Monde Comercio Varejista De Perfumaria E Conveniencia | B152: =IFERROR(_xlfn.XLOOKUP(F152,BASE!F:F,BASE!B:B),"") -> -23.676287 | C152: =IFERROR(_xlfn.XLOOKUP(F152,BASE!F:F,BASE!C:C),"") -> -46.676811 | D152: =IFERROR(VLOOKUP(A152,BASE!A:D,4,),"") -> aquamarine | E152: =IFERROR(_xlfn.XLOOKUP(F152,Prog!J:J,Prog!A:A),"") -> Rota 23 | F152: =IFERROR(VLOOKUP(A152,Prog!E:J,6,0),"") -> 04661-200 | G152: =E152 -> Rota 23
A153: 710687 - The Walt Disney Company Brasil - Marketing | B153: =IFERROR(_xlfn.XLOOKUP(F153,BASE!F:F,BASE!B:B),"") -> -23.608852731257556 | C153: =IFERROR(_xlfn.XLOOKUP(F153,BASE!F:F,BASE!C:C),"") -> -46.697082661918685 | D153: =IFERROR(VLOOKUP(A153,BASE!A:D,4,),"") -> aquamarine | E153: =IFERROR(_xlfn.XLOOKUP(F153,Prog!J:J,Prog!A:A),"") -> AGENDA 10 | F153: =IFERROR(VLOOKUP(A153,Prog!E:J,6,0),"") -> 04578-903 | G153: =E153 -> AGENDA 10
A154: Depto.Reg. Saude De Taubate | B154: =IFERROR(_xlfn.XLOOKUP(F154,BASE!F:F,BASE!B:B),"") -> -23.03157404409023 | C154: =IFERROR(_xlfn.XLOOKUP(F154,BASE!F:F,BASE!C:C),"") -> -45.554760434952804 | D154: =IFERROR(VLOOKUP(A154,BASE!A:D,4,),"") -> rosa | E154: =IFERROR(_xlfn.XLOOKUP(F154,Prog!J:J,Prog!A:A),"") -> LS AGENDA 2 | F154: =IFERROR(VLOOKUP(A154,Prog!E:J,6,0),"") -> 12010-240 | G154: =E154 -> LS AGENDA 2
A155: Mercadocar Mercantil De Pecas Ltda | B155: =IFERROR(_xlfn.XLOOKUP(F155,BASE!F:F,BASE!B:B),"") -> -23.47698256146574 | C155: =IFERROR(_xlfn.XLOOKUP(F155,BASE!F:F,BASE!C:C),"") -> -46.7188094195949 | D155: =IFERROR(VLOOKUP(A155,BASE!A:D,4,),"") -> aquamarine | E155: =IFERROR(_xlfn.XLOOKUP(F155,Prog!J:J,Prog!A:A),"") -> AGENDA 4 | F155: =IFERROR(VLOOKUP(A155,Prog!E:J,6,0),"") -> 02950-000 | G155: =E155 -> AGENDA 4
A156: Ptd Comercio De Pecas Eireli Grupo Presidente | B156: =IFERROR(_xlfn.XLOOKUP(F156,BASE!F:F,BASE!B:B),"") -> -23.43335689880682 | C156: =IFERROR(_xlfn.XLOOKUP(F156,BASE!F:F,BASE!C:C),"") -> -46.411553198894865 | D156: =IFERROR(VLOOKUP(A156,BASE!A:D,4,),"") -> aquamarine | E156: =IFERROR(_xlfn.XLOOKUP(F156,Prog!J:J,Prog!A:A),"") -> AGENDA 5 | F156: =IFERROR(VLOOKUP(A156,Prog!E:J,6,0),"") -> 07243-590 | G156: =E156 -> AGENDA 5
A157: Pacaembu Autopecas Ltda | B157: =IFERROR(_xlfn.XLOOKUP(F157,BASE!F:F,BASE!B:B),"") -> -23.517392499192848 | C157: =IFERROR(_xlfn.XLOOKUP(F157,BASE!F:F,BASE!C:C),"") -> -46.66632123308559 | D157: =IFERROR(VLOOKUP(A157,BASE!A:D,4,),"") -> aquamarine | E157: =IFERROR(_xlfn.XLOOKUP(F157,Prog!J:J,Prog!A:A),"") -> Rota 31 | F157: =IFERROR(VLOOKUP(A157,Prog!E:J,6,0),"") -> 01141-050 | G157: =E157 -> Rota 31
A158: Cooperpecas Distribudora De Pecas L | B158: =IFERROR(_xlfn.XLOOKUP(F158,BASE!F:F,BASE!B:B),"") -> -23.62555208712772 | C158: =IFERROR(_xlfn.XLOOKUP(F158,BASE!F:F,BASE!C:C),"") -> -46.50243890424619 | D158: =IFERROR(VLOOKUP(A158,BASE!A:D,4,),"") -> aquamarine | E158: =IFERROR(_xlfn.XLOOKUP(F158,Prog!J:J,Prog!A:A),"") -> Rota 24 | F158: =IFERROR(VLOOKUP(A158,Prog!E:J,6,0),"") -> 09260-510 | G158: =E158 -> Rota 24
A159: Anchieta Pecas Dist. De Pecas | B159: =IFERROR(_xlfn.XLOOKUP(F159,BASE!F:F,BASE!B:B),"") -> -23.654643658185837 | C159: =IFERROR(_xlfn.XLOOKUP(F159,BASE!F:F,BASE!C:C),"") -> -46.498327017737346 | D159: =IFERROR(VLOOKUP(A159,BASE!A:D,4,),"") -> aquamarine | E159: =IFERROR(_xlfn.XLOOKUP(F159,Prog!J:J,Prog!A:A),"") -> Rota 24 | F159: =IFERROR(VLOOKUP(A159,Prog!E:J,6,0),"") -> 09290-520 | G159: =E159 -> Rota 24
A160: Drog Iguatemi Ltda Drog Iguatemi Market Place | B160: =IFERROR(_xlfn.XLOOKUP(F160,BASE!F:F,BASE!B:B),"") -> -23.62428133688365 | C160: =IFERROR(_xlfn.XLOOKUP(F160,BASE!F:F,BASE!C:C),"") -> -46.68903627541031 | D160: =IFERROR(VLOOKUP(A160,BASE!A:D,4,),"") -> aquamarine | E160: =IFERROR(_xlfn.XLOOKUP(F160,Prog!J:J,Prog!A:A),"") -> AGENDA 12 | F160: =IFERROR(VLOOKUP(A160,Prog!E:J,6,0),"") -> 04704-040 | G160: =E160 -> AGENDA 12
A161: Cb Mar Comercio De Veiculos Ltda | B161: =IFERROR(_xlfn.XLOOKUP(F161,BASE!F:F,BASE!B:B),"") -> -24.00856568074149 | C161: =IFERROR(_xlfn.XLOOKUP(F161,BASE!F:F,BASE!C:C),"") -> -46.44201163151838 | D161: =IFERROR(VLOOKUP(A161,BASE!A:D,4,),"") -> amarelo | E161: =IFERROR(_xlfn.XLOOKUP(F161,Prog!J:J,Prog!A:A),"") -> H 704 | F161: =IFERROR(VLOOKUP(A161,Prog!E:J,6,0),"") -> 11702-200 | G161: =E161 -> H 704
A162: Elevadores Atlas Schindler S.A | B162: =IFERROR(_xlfn.XLOOKUP(F162,BASE!F:F,BASE!B:B),"") -> -23.975817482075485 | C162: =IFERROR(_xlfn.XLOOKUP(F162,BASE!F:F,BASE!C:C),"") -> -46.301906934945194 | D162: =IFERROR(VLOOKUP(A162,BASE!A:D,4,),"") -> aquamarine | E162: =IFERROR(_xlfn.XLOOKUP(F162,Prog!J:J,Prog!A:A),"") -> Rota 38 | F162: =IFERROR(VLOOKUP(A162,Prog!E:J,6,0),"") -> 11025-001 | G162: =E162 -> Rota 38
A163: Elevadores Atlas Schindler Ltda | B163: =IFERROR(_xlfn.XLOOKUP(F163,BASE!F:F,BASE!B:B),"") -> -23.994032933681545 | C163: =IFERROR(_xlfn.XLOOKUP(F163,BASE!F:F,BASE!C:C),"") -> -46.25412089074208 | D163: =IFERROR(VLOOKUP(A163,BASE!A:D,4,),"") -> aquamarine | E163: =IFERROR(_xlfn.XLOOKUP(F163,Prog!J:J,Prog!A:A),"") -> Rota 36 | F163: =IFERROR(VLOOKUP(A163,Prog!E:J,6,0),"") -> 11410-190 | G163: =E163 -> Rota 36
... A179: Caio Cesar Rubio Blum | B179: =IFERROR(_xlfn.XLOOKUP(F179,BASE!F:F,BASE!B:B),"") | C179: =IFERROR(_xlfn.XLOOKUP(F179,BASE!F:F,BASE!C:C),"") | D179: =IFERROR(VLOOKUP(A179,BASE!A:D,4,),"") | E179: =IFERROR(_xlfn.XLOOKUP(F179,Prog!J:J,Prog!A:A),"") -> LS Rota 44 R | F179: =IFERROR(VLOOKUP(A179,Prog!E:J,6,0),"") -> 12246-190 | G179: =E179 -> LS Rota 44 R
A180: 0 | D180: =IFERROR(VLOOKUP(A180,BASE!A:D,4,),"") | E180: =IFERROR(_xlfn.XLOOKUP(F180,Prog!J:J,Prog!A:A),"") | F180: =IFERROR(VLOOKUP(A180,Prog!E:J,6,0),"") | G180: =E180
D181: =IFERROR(VLOOKUP(A181,BASE!A:D,4,),"") | E181: =IFERROR(_xlfn.XLOOKUP(F181,Prog!J:J,Prog!A:A),"") | F181: =IFERROR(VLOOKUP(A181,Prog!E:J,6,0),"") | G181: =E181
D182: =IFERROR(VLOOKUP(A182,BASE!A:D,4,),"") | E182: =IFERROR(_xlfn.XLOOKUP(F182,Prog!J:J,Prog!A:A),"") | F182: =IFERROR(VLOOKUP(A182,Prog!E:J,6,0),"") | G182: =E182
D183: =IFERROR(VLOOKUP(A183,BASE!A:D,4,),"") | E183: =IFERROR(_xlfn.XLOOKUP(F183,Prog!J:J,Prog!A:A),"") | F183: =IFERROR(VLOOKUP(A183,Prog!E:J,6,0),"") | G183: =E183
D184: =IFERROR(VLOOKUP(A184,BASE!A:D,4,),"") | E184: =IFERROR(_xlfn.XLOOKUP(F184,Prog!J:J,Prog!A:A),"") | F184: =IFERROR(VLOOKUP(A184,Prog!E:J,6,0),"") | G184: =E184
D185: =IFERROR(VLOOKUP(A185,BASE!A:D,4,),"") | E185: =IFERROR(_xlfn.XLOOKUP(F185,Prog!J:J,Prog!A:A),"") | F185: =IFERROR(VLOOKUP(A185,Prog!E:J,6,0),"") | G185: =E185
D186: =IFERROR(VLOOKUP(A186,BASE!A:D,4,),"") | E186: =IFERROR(_xlfn.XLOOKUP(F186,Prog!J:J,Prog!A:A),"") | F186: =IFERROR(VLOOKUP(A186,Prog!E:J,6,0),"") | G186: =E186
D187: =IFERROR(VLOOKUP(A187,BASE!A:D,4,),"") | E187: =IFERROR(_xlfn.XLOOKUP(F187,Prog!J:J,Prog!A:A),"") | F187: =IFERROR(VLOOKUP(A187,Prog!E:J,6,0),"") | G187: =E187
D188: =IFERROR(VLOOKUP(A188,BASE!A:D,4,),"") | E188: =IFERROR(_xlfn.XLOOKUP(F188,Prog!J:J,Prog!A:A),"") | F188: =IFERROR(VLOOKUP(A188,Prog!E:J,6,0),"") | G188: =E188
D189: =IFERROR(VLOOKUP(A189,BASE!A:D,4,),"") | E189: =IFERROR(_xlfn.XLOOKUP(F189,Prog!J:J,Prog!A:A),"") | F189: =IFERROR(VLOOKUP(A189,Prog!E:J,6,0),"") | G189: =E189
D190: =IFERROR(VLOOKUP(A190,BASE!A:D,4,),"") | E190: =IFERROR(_xlfn.XLOOKUP(F190,Prog!J:J,Prog!A:A),"") | F190: =IFERROR(VLOOKUP(A190,Prog!E:J,6,0),"") | G190: =E190
D191: =IFERROR(VLOOKUP(A191,BASE!A:D,4,),"") | E191: =IFERROR(_xlfn.XLOOKUP(F191,Prog!J:J,Prog!A:A),"") | F191: =IFERROR(VLOOKUP(A191,Prog!E:J,6,0),"") | G191: =E191
D192: =IFERROR(VLOOKUP(A192,BASE!A:D,4,),"") | E192: =IFERROR(_xlfn.XLOOKUP(F192,Prog!J:J,Prog!A:A),"") | F192: =IFERROR(VLOOKUP(A192,Prog!E:J,6,0),"") | G192: =E192
... D221: =IFERROR(VLOOKUP(A221,BASE!A:D,4,),"") | E221: =IFERROR(_xlfn.XLOOKUP(F221,Prog!J:J,Prog!A:A),"") | F221: =IFERROR(VLOOKUP(A221,Prog!E:J,6,0),"") | G221: =E221
D222: =IFERROR(VLOOKUP(A222,BASE!A:D,4,),"")
D223: =IFERROR(VLOOKUP(A223,BASE!A:D,4,),"")
D224: =IFERROR(VLOOKUP(A224,BASE!A:D,4,),"")
D225: =IFERROR(VLOOKUP(A225,BASE!A:D,4,),"") | E225: =IFERROR(_xlfn.XLOOKUP(F225,Prog!J:J,Prog!A:A),"") | F225: =IFERROR(VLOOKUP(A225,Prog!E:J,6,0),"") | G225: =E225
D226: =IFERROR(VLOOKUP(A226,BASE!A:D,4,),"") | E226: =IFERROR(_xlfn.XLOOKUP(F226,Prog!J:J,Prog!A:A),"") | F226: =IFERROR(VLOOKUP(A226,Prog!E:J,6,0),"") | G226: =E226
D227: =IFERROR(VLOOKUP(A227,BASE!A:D,4,),"") | E227: =IFERROR(_xlfn.XLOOKUP(F227,Prog!J:J,Prog!A:A),"") | F227: =IFERROR(VLOOKUP(A227,Prog!E:J,6,0),"") | G227: =E227
D228: =IFERROR(VLOOKUP(A228,BASE!A:D,4,),"") | E228: =IFERROR(_xlfn.XLOOKUP(F228,Prog!J:J,Prog!A:A),"") | F228: =IFERROR(VLOOKUP(A228,Prog!E:J,6,0),"") | G228: =E228
D229: =IFERROR(VLOOKUP(A229,BASE!A:D,4,),"") | E229: =IFERROR(_xlfn.XLOOKUP(F229,Prog!J:J,Prog!A:A),"") | F229: =IFERROR(VLOOKUP(A229,Prog!E:J,6,0),"") | G229: =E229
D230: =IFERROR(VLOOKUP(A230,BASE!A:D,4,),"") | E230: =IFERROR(_xlfn.XLOOKUP(F230,Prog!J:J,Prog!A:A),"") | F230: =IFERROR(VLOOKUP(A230,Prog!E:J,6,0),"") | G230: =E230
D231: =IFERROR(VLOOKUP(A231,BASE!A:D,4,),"") | E231: =IFERROR(_xlfn.XLOOKUP(F231,Prog!J:J,Prog!A:A),"") | F231: =IFERROR(VLOOKUP(A231,Prog!E:J,6,0),"") | G231: =E231
D232: =IFERROR(VLOOKUP(A232,BASE!A:D,4,),"") | E232: =IFERROR(_xlfn.XLOOKUP(F232,Prog!J:J,Prog!A:A),"") | F232: =IFERROR(VLOOKUP(A232,Prog!E:J,6,0),"") | G232: =E232
D233: =IFERROR(VLOOKUP(A233,BASE!A:D,4,),"") | E233: =IFERROR(_xlfn.XLOOKUP(F233,Prog!J:J,Prog!A:A),"") | F233: =IFERROR(VLOOKUP(A233,Prog!E:J,6,0),"") | G233: =E233
D234: =IFERROR(VLOOKUP(A234,BASE!A:D,4,),"") | E234: =IFERROR(_xlfn.XLOOKUP(F234,Prog!J:J,Prog!A:A),"") | F234: =IFERROR(VLOOKUP(A234,Prog!E:J,6,0),"") | G234: =E234
D235: =IFERROR(VLOOKUP(A235,BASE!A:D,4,),"") | E235: =IFERROR(_xlfn.XLOOKUP(F235,Prog!J:J,Prog!A:A),"") | F235: =IFERROR(VLOOKUP(A235,Prog!E:J,6,0),"") | G235: =E235
D236: =IFERROR(VLOOKUP(A236,BASE!A:D,4,),"") | E236: =IFERROR(_xlfn.XLOOKUP(F236,Prog!J:J,Prog!A:A),"") | F236: =IFERROR(VLOOKUP(A236,Prog!E:J,6,0),"") | G236: =E236
D237: =IFERROR(VLOOKUP(A237,BASE!A:D,4,),"") | E237: =IFERROR(_xlfn.XLOOKUP(F237,Prog!J:J,Prog!A:A),"") | F237: =IFERROR(VLOOKUP(A237,Prog!E:J,6,0),"") | G237: =E237
D238: =IFERROR(VLOOKUP(A238,BASE!A:D,4,),"") | E238: Rota 27 | F238: =IFERROR(VLOOKUP(A238,Prog!E:J,6,0),"") | G238: =E238 -> Rota 27
D239: =IFERROR(VLOOKUP(A239,BASE!A:D,4,),"") | E239: =IFERROR(_xlfn.XLOOKUP(F239,Prog!J:J,Prog!A:A),"") | F239: =IFERROR(VLOOKUP(A239,Prog!E:J,6,0),"") | G239: =E239
D240: =IFERROR(VLOOKUP(A240,BASE!A:D,4,),"") | E240: =IFERROR(_xlfn.XLOOKUP(F240,Prog!J:J,Prog!A:A),"") | F240: =IFERROR(VLOOKUP(A240,Prog!E:J,6,0),"") | G240: =E240
D241: =IFERROR(VLOOKUP(A241,BASE!A:D,4,),"") | E241: =IFERROR(_xlfn.XLOOKUP(F241,Prog!J:J,Prog!A:A),"") | F241: =IFERROR(VLOOKUP(A241,Prog!E:J,6,0),"") | G241: =E241
D242: =IFERROR(VLOOKUP(A242,BASE!A:D,4,),"") | E242: =IFERROR(_xlfn.XLOOKUP(F242,Prog!J:J,Prog!A:A),"") | F242: =IFERROR(VLOOKUP(A242,Prog!E:J,6,0),"") | G242: =E242
D243: =IFERROR(VLOOKUP(A243,BASE!A:D,4,),"") | E243: =IFERROR(_xlfn.XLOOKUP(F243,Prog!J:J,Prog!A:A),"") | F243: =IFERROR(VLOOKUP(A243,Prog!E:J,6,0),"") | G243: =E243
D244: =IFERROR(VLOOKUP(A244,BASE!A:D,4,),"") | E244: =IFERROR(_xlfn.XLOOKUP(F244,Prog!J:J,Prog!A:A),"") | F244: =IFERROR(VLOOKUP(A244,Prog!E:J,6,0),"") | G244: =E244
D245: =IFERROR(VLOOKUP(A245,BASE!A:D,4,),"") | E245: =IFERROR(_xlfn.XLOOKUP(F245,Prog!J:J,Prog!A:A),"") | F245: =IFERROR(VLOOKUP(A245,Prog!E:J,6,0),"") | G245: =E245
D246: =IFERROR(VLOOKUP(A246,BASE!A:D,4,),"") | E246: =IFERROR(_xlfn.XLOOKUP(F246,Prog!J:J,Prog!A:A),"") | F246: =IFERROR(VLOOKUP(A246,Prog!E:J,6,0),"") | G246: =E246
D247: =IFERROR(VLOOKUP(A247,BASE!A:D,4,),"") | E247: =IFERROR(_xlfn.XLOOKUP(F247,Prog!J:J,Prog!A:A),"") | F247: =IFERROR(VLOOKUP(A247,Prog!E:J,6,0),"") | G247: =E247
D248: =IFERROR(VLOOKUP(A248,BASE!A:D,4,),"") | E248: =IFERROR(_xlfn.XLOOKUP(F248,Prog!J:J,Prog!A:A),"") | F248: =IFERROR(VLOOKUP(A248,Prog!E:J,6,0),"") | G248: =E248
D249: =IFERROR(VLOOKUP(A249,BASE!A:D,4,),"") | E249: =IFERROR(_xlfn.XLOOKUP(F249,Prog!J:J,Prog!A:A),"") | F249: =IFERROR(VLOOKUP(A249,Prog!E:J,6,0),"") | G249: =E249
D250: =IFERROR(VLOOKUP(A250,BASE!A:D,4,),"") | E250: =IFERROR(_xlfn.XLOOKUP(F250,Prog!J:J,Prog!A:A),"") | F250: =IFERROR(VLOOKUP(A250,Prog!E:J,6,0),"") | G250: =E250
... D259: =IFERROR(VLOOKUP(A259,BASE!A:D,4,),"") | E259: =IFERROR(_xlfn.XLOOKUP(F259,Prog!J:J,Prog!A:A),"") | F259: =IFERROR(VLOOKUP(A259,Prog!E:J,6,0),"") | G259: =E259

Sheet Prog
A1: ROTA | B1: APELIDO_TOMADOR | C1: NOTAFISCAL | D1: SERIENF | E1: DESTINATARIO | F1: EXIGE_AGENDAMENTO | G1: CNPJDESTINATARIO | H1: UF_ENTREGA | I1: MUNICIPIO_ENTREGA | J1: CEPENTREGA | K1: REDESPACHANTE | L1: DATA_PREVISAO | M1: DATA | N1: EXISTE_AGENDAMENTO | O1: DATAAGENDAMENTO | P1: ULTIMAOCORRENCIA | Q1: DATAOCORRENCIA | R1: OBSERVACAOOCORRENCIA | S1: KEY | T1: DEVOLUCAO | U1: KEY_NOTA | V1: FILIAL_DESTINO | W1: SETOR | X1: NUMEROPEDIDOK | Y1: TIPOITEM | Z1: FILIAL_ORIGEM | AA1: STATUS_POR_NOTA | AB1: VALOR_NF | AC1: VOLUMES | AD1: PESOCUBADO | AE1: CHAVE_NFE | AF1: DATA_CTE | AG1: CTE_RPS | AH1: INICIO_VIAGEM | AI1: REMETENTE | AJ1: TIPO_VIAGEM | AK1: ULTIMAVIAGEM | AL1: CHAVENFE | AM1: STATUSPRAZO | AN1: REGIAOCEPENTREGA | AO1: OPERACAO | AP1: CNPJ_REMETENTE | AQ1: DATA_CHEGADA_FILIAL_DESTINO | AR1: COD_OCORRENCIA | AS1: CHEGADAEFETIVAULTTRANSFERENCIA | AT1: DATAPODIMAGEM | AU1: CNPJ_TOMADOR | AV1: UF_TOMADOR | AW1: MUNICIPIO_TOMADOR | AX1: LOGRADOURO_TOMADOR | AY1: CEP_TOMADOR | AZ1: BAIRRO_TOMADOR | BA1: NOME_TOMADOR | BB1: BAIRRO | BC1: CHAVE_CTE | BD1: TIPO_PRODUTO | BE1: REMETENTEORIGEM | BF1: TIPO_SERVICO | BG1: EXIGEAGENDAMENTO_CONTRATO | BH1: CODIGO_AGENDAMENTO | BI1: DATAEMISSAONF | BJ1: CEP_ENTREGA | BK1: FILIAL_ATUAL | BL1: CHAVE_CLIENTE | BM1: PESO_CONSIDERADO | BN1: PESO_TOTAL | BO1: DATA_ENTREGA | BP1: NUMERO_AGENDAMENTO | BQ1: FILIAL_ENTREGA | BR1: CARRIER_CODE | BS1: STATUS_CTE | BT1: VENCIMENTO_PERECIVEL | BU1: ENDERECOENTREGA | BV1: ROTA_VIAGEM | BW1: STATUS_VIAGEM | BX1: DATAINCLUSAO_AGENDAMENTO | BY1: HOUVE_PLANEJAMENTO | BZ1: TOTAL_OCORRENCIAS_PLANEJAMENTO | CA1: DATA_ULTIMO_PLANEJAMENTO | CB1: FILIAL_ORIGEM_SIGLA | CC1: FILIAL_ATUAL_SIGLA | CD1: FILIAL_DESTINO_SIGLA | CE1: FILIAL_LAST_MILE | CF1: SIGLA_LAST_MILE
A2: AUTO 801 | B2: HONDA AUTOMOVEIS BRASIL LTDA | C2: 5830198 | D2: 0 | E2: United Auto Nagoya Comercio De Veiculos | F2: - | G2: 03.962.539/0001-10 | H2: SP | I2: São Paulo | J2: 03527-000 | K2: BELAFRAN TRANSPORTES LTDA | L2: 46072.566 | M2: BACKLOG | N2: N | P2: PLANEJADO | Q2: 46216.971 | R2: PLANEJADO PARA O DIA 14/07/202613/07/2026 23:31:47 - seg | S2: 245433840 | T2: Não | U2: 2026/191151-156-5830198-0 | V2: PA - LOGISTICA REVERSA DOX - JANDIRA - SP | W2: AEMCE | Y2: Perigoso | Z2: PA - HONDA AUTOMOVEIS - SUMARE - SP | AA2: Aguardando Transferência | AB2: 744.11 | AC2: 1 | AD2: 7.965 | AE2: 35260201192333000394550000058301981284777106 | AF2: 46071.566 | AG2: 48601 | AH2: 46077.478 | AI2: HONDA AUTOMOVEIS BRASIL LTDA | AJ2: Transferência | AK2: 2026/191151-156 | AL2: 35260201192333000394550000058301981284777106 | AM2: Maior que 30 | AN2: 35 | AO2: Outbound | AP2: 01.192.333/0003-94 | AQ2: 46077 | AR2: 700 | AS2: 46077.7 | AU2: 01.192.333/0003-94 | AV2: SP | AW2: Sumaré | AX2: Municipal Valencio Calegari | AY2: 13181-903 | AZ2: Nova Veneza | BA2: HONDA AUTOMOVEIS DO BRASIL LTDA | BB2: Vila Matilde | BC2: 35260200233065000187572100000486011000486010 | BD2: Perigoso | BE2: HONDA AUTOMOVEIS DO BRASIL LTDA | BF2: 4 | BG2: Não | BI2: 46071 | BJ2: 03527-000 | BK2: PA - LOGISTICA REVERSA DOX - JANDIRA - SP | BM2: 1.77 | BN2: 1.77 | BQ2: PA - FILIAL SPG - GUARULHOS - SP | BS2: Aguardando Transferência | BU2: Aricanduva,5555 | BW2: Finalizada | BY2: SIM | BZ2: 34 | CA2: 2026-07-13 23:18:00.0 | CB2: HON | CC2: CEL LR | CD2: CEL LR | CE2: PA - FILIAL SPG - GUARULHOS - SP | CF2: SPG
A3: Rota 23 | B3: BEAUTY LABS COSMETICOS LTDA | C3: 184834 | D3: 10 | E3: Fernanda Serafim | F3: - | G3: 409.363.738-57 | H3: SP | I3: São Paulo | J3: 04746-110 | L3: 46134.808 | M3: BACKLOG | N3: N | P3: PLANEJADO | Q3: 46216.971 | R3: PLANEJADO PARA O DIA 14/07/202613/07/2026 23:33:03 - seg | S3: 249539775 | T3: Não | U3: -184834-10 | W3: RETAIL | Z3: PA - DFN - BARUERI - SP | AA3: Aguardando Transferência | AB3: 143.85 | AC3: 1 | AD3: 0.5197 | AE3: 35260432306307000292550100001848341525098917 | AF3: 46132.808 | AG3: 45164 | AI3: BEAUTY LABS COSMETICOS LTDA | AL3: 35260432306307000292550100001848341525098917 | AM3: Maior que 30 | AN3: 47 | AO3: Outbound | AP3: 32.306.307/0002-92 | AR3: 700 | AU3: 32.306.307/0002-92 | AV3: SP | AW3: Barueri | AX3: Dos Alpes | AY3: 06423-080 | AZ3: Jardim Belval | BA3: Beauty Labs Cosmeticos Ltda | BB3: Santo Amaro | BC3: 35260400233065000187571760000451641000451643 | BE3: Beauty Labs Cosmeticos Ltda | BF3: 4 | BG3: Não | BI3: 46129 | BJ3: 04746-110 | BK3: PA - DFN - BARUERI - SP | BL3: 2026_205630 | BM3: 0.51972 | BN3: 0.426 | BQ3: PA - FILIAL SPG - GUARULHOS - SP | BS3: Aguardando Transferência | BU3: Benedito Fernandes,152 | BY3: SIM | BZ3: 47 | CA3: 2026-07-13 23:18:00.0 | CB3: DFN | CC3: DFN | CE3: PA - FILIAL SPG - GUARULHOS - SP | CF3: SPG
A4: Rota 34 | B4: WHIRLPOOL S.A | C4: 10642956 | D4: 1 | E4: Maq Ville Pecas E Servicos Ltda | F4: - | G4: 71.856.942/0001-14 | H4: SP | I4: São Paulo | J4: 05510-001 | K4: TATIANE MARIA DE JESUS | L4: 46146.406 | M4: BACKLOG | N4: N | P4: PLANEJADO | Q4: 46216.971 | R4: PLANEJADO PARA O DIA 14/07/202613/07/2026 23:33:04 - seg | S4: 250191378 | T4: Não | U4: 2026/384029-62-10642956-1 | W4: TECHNOLOGY | Z4: PA - WHIRLPOOL - SÃO PAULO - SP | AA4: Em Elaboração | AB4: 22.03 | AC4: 6 | AD4: 0.2995 | AE4: 35260459105999002804550010106429561187222875 | AF4: 46142.406 | AG4: 30018 | AH4: 46142.407 | AI4: WHIRLPOOL S.A | AJ4: Lotação | AK4: 2026/384029-62 | AL4: 35260459105999002804550010106429561187222875 | AM4: Maior que 30 | AN4: 55 | AO4: Outbound | AP4: 59.105.999/0028-04 | AQ4: 46142 | AR4: 700 | AT4: 46142 | AU4: 59.105.999/0028-04 | AV4: SP | AW4: São Paulo | AX4: Olympia Semeraro | AY4: 04183-090 | AZ4: JARDIM SANTA EMILIA | BA4: Whirlpool S.A | BB4: Butanta | BE4: Whirlpool S.A | BF4: 3 | BG4: Não | BI4: 46142 | BJ4: 05510-001 | BK4: PA - WHIRLPOOL - SÃO PAULO - SP | BL4: 0556480750 | BM4: 0.07 | BN4: 0.07 | BQ4: PA - FILIAL SPG - GUARULHOS - SP | BR4: 0254250932 | BS4: Concluído Parcialmente | BU4: Sapetuba,57 | BW4: Finalizada | BY4: SIM | BZ4: 40 | CA4: 2026-07-13 23:18:00.0 | CB4: BAR | CC4: BAR | CE4: PA - FILIAL SPG - GUARULHOS - SP | CF4: SPG
A5: Rota 31 | B5: BELEZE & OLIVEIRA - COMERCIO DE COSMETICOS LTDA | C5: 132706 | D5: 10 | E5: Tabata Fernandes | F5: - | G5: 056.158.905-41 | H5: SP | I5: São Paulo | J5: 05092-000 | L5: 46182.548 | M5: BACKLOG | N5: N | P5: PLANEJADO | Q5: 46216.971 | R5: PLANEJADO PARA O DIA 14/07/202613/07/2026 23:33:04 - seg | S5: 252266550 | T5: Não | U5: -132706-10 | W5: RETAIL | Z5: PA - DFN - SERRA - ES | AA5: Aguardando Transferência | AB5: 268.2 | AC5: 1 | AD5: 1.0224 | AE5: 32260517616018000468550100001327061239585659 | AF5: 46176.548 | AG5: 77466 | AI5: BELEZE & OLIVEIRA - COMERCIO DE COSMETICOS LTDA | AL5: 32260517616018000468550100001327061239585659 | AM5: Maior que 30 | AN5: 50 | AO5: Outbound | AP5: 17.616.018/0004-68 | AR5: 700 | AU5: 17.616.018/0004-68 | AV5: ES | AW5: Serra | AX5: Comendador Roberto Ugolini | AY5: 29168-022 | AZ5: Civit I | BA5: Beleze Oliveira - Comercio De Cosmeticos Ltda | BB5: Vila Anastacio | BC5: 32260600233065002392572380000774661000774661 | BE5: Beleze Oliveira - Comercio De Cosmeticos Ltda | BF5: 4 | BG5: Não | BI5: 46173 | BJ5: 05092-000 | BK5: PA - HUB CEL - SP - DOX 1000 | BM5: 1.02236 | BN5: 0.838 | BQ5: PA - FILIAL SPG - GUARULHOS - SP | BS5: Aguardando Transferência | BU5: Bartolomeu Paes,292 | BY5: SIM | BZ5: 23 | CA5: 2026-07-13 23:18:00.0 | CB5: CADASTRAR | CC5: CEL H | CE5: PA - FILIAL SPG - GUARULHOS - SP | CF5: SPG
A6: AGENDA 16 | B6: HASBRO DO BRASIL INDUSTRIA E COMERCIO DE BRINQUEDOS E JOGOS LTDA | C6: 26779 | D6: 1 | E6: 227392 - Pbkids Brinquedos - Grupo RH | F6: - | G6: 64.731.433/0065-64 | H6: SP | I6: São Bernardo do Campo | J6: 09726-252 | K6: KLEBER COMITRE | L6: 46189.458 | M6: BACKLOG | N6: S | O6: 46189.458 | P6: REPROGRAMADO PARA | Q6: 46216.746 | R6: agendado para dia 15/07/26 - 09:00 às 11:0013/07/2026 17 | S6: 252621332 | T6: Não | U6: 2026/547322-337-26779-1 | V6: PA - FILIAL SPG - GUARULHOS - SP | W6: CONSUMER | Z6: PA - STARLINK(SPACEX) - EXTREMA - MG | AA6: Aguardando Redistribuição | AB6: 5553.91 | AC6: 26 | AD6: 105 | AE6: 31260608743754000496550010000267791582093750 | AF6: 46183.528 | AG6: 259496 | AH6: 46189.075 | AI6: HASBRO DO BRASIL INDUSTRIA E COMERCIO DE BRINQUEDOS E JOGOS LTDA | AJ6: Entrega | AK6: 2026/547322-337 | AL6: 31260608743754000496550010000267791582093750 | AM6: Entre 16 e 30 | AN6: 97 | AO6: Outbound | AP6: 08.743.754/0004-96 | AQ6: 46189 | AR6: 152 | AS6: 46184.031 | AU6: 08.743.754/0004-96 | AV6: MG | AW6: Extrema | AX6: Municipal Luiz Lopes Neto | AY6: 37645-050 | AZ6: Distrito Industrial Tenentes | BA6: Hasbro Do Brasil Ind Com Brinq Ltda | BB6: Vila Marlene | BC6: 31260600233065004255572170002594961002594962 | BE6: Hasbro Do Brasil Ind Com Brinq Ltda | BF6: 4 | BG6: Sim | BH6: 1596881 | BI6: 46181 | BJ6: 09726-252 | BK6: PA - FILIAL SPG - GUARULHOS - SP | BM6: 105 | BN6: 34.08 | BP6: 2026/167336-1 | BQ6: PA - FILIAL SPG - GUARULHOS - SP | BS6: Aguardando Redistribuição | BU6: Kennedy,700 | BV6: AGENDA 23 | BW6: Finalizada | BX6: 15/06/2026 08:15:00 | BY6: SIM | BZ6: 1 | CA6: 2026-06-15 21:06:00.0 | CB6: CADASTRAR | CC6: SPG | CD6: SPG | CE6: PA - FILIAL SPG - GUARULHOS - SP | CF6: SPG
A7: AGENDA 16 | B7: HASBRO DO BRASIL INDUSTRIA E COMERCIO DE BRINQUEDOS E JOGOS LTDA | C7: 26780 | D7: 1 | E7: 227392 - Pbkids Brinquedos - Grupo RH | F7: - | G7: 64.731.433/0065-64 | H7: SP | I7: São Bernardo do Campo | J7: 09726-252 | K7: KLEBER COMITRE | L7: 46189.458 | M7: BACKLOG | N7: S | O7: 46189.458 | P7: REPROGRAMADO PARA | Q7: 46216.746 | R7: agendado para dia 15/07/26 - 09:00 às 11:0013/07/2026 17 | S7: 252621335 | T7: Não | U7: 2026/547322-337-26780-1 | V7: PA - FILIAL SPG - GUARULHOS - SP | W7: CONSUMER | Z7: PA - STARLINK(SPACEX) - EXTREMA - MG | AA7: Aguardando Redistribuição | AB7: 347.94 | AC7: 1 | AD7: 3 | AE7: 31260608743754000496550010000267801491492946 | AF7: 46183.528 | AG7: 259496 | AH7: 46189.075 | AI7: HASBRO DO BRASIL INDUSTRIA E COMERCIO DE BRINQUEDOS E JOGOS LTDA | AJ7: Entrega | AK7: 2026/547322-337 | AL7: 31260608743754000496550010000267801491492946 | AM7: Entre 16 e 30 | AN7: 97 | AO7: Outbound | AP7: 08.743.754/0004-96 | AQ7: 46189 | AR7: 152 | AS7: 46184.031 | AU7: 08.743.754/0004-96 | AV7: MG | AW7: Extrema | AX7: Municipal Luiz Lopes Neto | AY7: 37645-050 | AZ7: Distrito Industrial Tenentes | BA7: Hasbro Do Brasil Ind Com Brinq Ltda | BB7: Vila Marlene | BC7: 31260600233065004255572170002594961002594962 | BE7: Hasbro Do Brasil Ind Com Brinq Ltda | BF7: 4 | BG7: Sim | BH7: 1596881 | BI7: 46181 | BJ7: 09726-252 | BK7: PA - FILIAL SPG - GUARULHOS - SP | BM7: 3 | BN7: 1.77 | BP7: 2026/167336-1 | BQ7: PA - FILIAL SPG - GUARULHOS - SP | BS7: Aguardando Redistribuição | BU7: Kennedy,700 | BV7: AGENDA 23 | BW7: Finalizada | BX7: 15/06/2026 08:15:00 | BY7: SIM | BZ7: 1 | CA7: 2026-06-15 21:06:00.0 | CB7: CADASTRAR | CC7: SPG | CD7: SPG | CE7: PA - FILIAL SPG - GUARULHOS - SP | CF7: SPG
A8: AGENDA 16 | B8: HASBRO DO BRASIL INDUSTRIA E COMERCIO DE BRINQUEDOS E JOGOS LTDA | C8: 26991 | D8: 1 | E8: 227392 - Pbkids Brinquedos - Grupo RH | F8: - | G8: 64.731.433/0065-64 | H8: SP | I8: São Bernardo do Campo | J8: 09726-252 | K8: KLEBER COMITRE | L8: 46189.458 | M8: BACKLOG | N8: S | O8: 46189.458 | P8: REPROGRAMADO PARA | Q8: 46216.746 | R8: agendado para dia 15/07/26 - 09:00 às 11:0013/07/2026 17 | S8: 252621338 | T8: Não | U8: 2026/547322-337-26991-1 | V8: PA - FILIAL SPG - GUARULHOS - SP | W8: CONSUMER | Z8: PA - STARLINK(SPACEX) - EXTREMA - MG | AA8: Aguardando Redistribuição | AB8: 8592.09 | AC8: 38 | AD8: 183 | AE8: 31260608743754000496550010000269911225504282 | AF8: 46183.528 | AG8: 259496 | AH8: 46189.075 | AI8: HASBRO DO BRASIL INDUSTRIA E COMERCIO DE BRINQUEDOS E JOGOS LTDA | AJ8: Entrega | AK8: 2026/547322-337 | AL8: 31260608743754000496550010000269911225504282 | AM8: Entre 16 e 30 | AN8: 97 | AO8: Outbound | AP8: 08.743.754/0004-96 | AQ8: 46189 | AR8: 152 | AS8: 46184.031 | AU8: 08.743.754/0004-96 | AV8: MG | AW8: Extrema | AX8: Municipal Luiz Lopes Neto | AY8: 37645-050 | AZ8: Distrito Industrial Tenentes | BA8: Hasbro Do Brasil Ind Com Brinq Ltda | BB8: Vila Marlene | BC8: 31260600233065004255572170002594961002594962 | BE8: Hasbro Do Brasil Ind Com Brinq Ltda | BF8: 4 | BG8: Sim | BH8: 1596881 | BI8: 46181 | BJ8: 09726-252 | BK8: PA - FILIAL SPG - GUARULHOS - SP | BM8: 183 | BN8: 64.54 | BP8: 2026/167336-1 | BQ8: PA - FILIAL SPG - GUARULHOS - SP | BS8: Aguardando Redistribuição | BU8: Kennedy,700 | BV8: AGENDA 23 | BW8: Finalizada | BX8: 15/06/2026 08:15:00 | BY8: SIM | BZ8: 1 | CA8: 2026-06-15 21:06:00.0 | CB8: CADASTRAR | CC8: SPG | CD8: SPG | CE8: PA - FILIAL SPG - GUARULHOS - SP | CF8: SPG
A9: Rota 31 | B9: PREMIER | C9: 255276 | D9: 1 | E9: Art Walk - B. Perdizes | F9: - | G9: 05.055.599/0020-47 | H9: SP | I9: São Paulo | J9: 05005-900 | L9: 46206.25 | M9: BACKLOG | N9: N | P9: SOBRA DE MERCADORIA SEM NOTA FISCAL | Q9: 46206.739 | R9: sobra03/07/2026 21:08:14 - sex - GISBATIS - PA - FILIAL | S9: 253919668 | T9: Não | U9: -255276-1 | W9: RETAIL | X9: 0109691966 | Z9: PA - PREMIER (FÍSIA - NIKE) - EXTREMA - MG | AA9: Aguardando Transferência | AB9: 852.79 | AC9: 1 | AD9: 16.5006 | AE9: 31260609098221000623550010002552761500774833 | AF9: 46203.891 | AG9: 124639 | AI9: PREMIER | AL9: 31260609098221000623550010002552761500774833 | AM9: Entre 6 e 15 | AN9: 50 | AO9: Outbound | AP9: 09.098.221/0006-23 | AR9: 82 | AU9: 09.098.221/0006-23 | AV9: MG | AW9: Extrema | AX9: Municipal Luiz Lopes Neto | AY9: 37645-906 | AZ9: Distrito Industrial Tenentes | BA9: Premier Dist De Vestuarios Calcados Equipamentos E Acessorio | BB9: Perdizes | BC9: 31260600233065004255572010001246391001246396 | BE9: Premier Dist De Vestuarios Calcados Equipamentos E Acessorio | BF9: 4 | BG9: Não | BI9: 46203 | BJ9: 05005-900 | BK9: PA - PREMIER (FÍSIA - NIKE) - EXTREMA - MG | BM9: 16.500619 | BN9: 5.04 | BQ9: PA - FILIAL SPG - GUARULHOS - SP | BS9: Aguardando Transferência | BU9: Palestra Italia,500 | BY9: NÃO | CB9: EXT | CC9: EXT | CE9: PA - FILIAL SPG - GUARULHOS - SP | CF9: SPG
A10: Rota 34 | B10: BEAUTY LABS COSMETICOS LTDA | C10: 216964 | D10: 10 | E10: Sapiens - Consultoria De Marketing | F10: - | G10: 08.159.942/0001-29 | H10: SP | I10: São Paulo | J10: 05505-040 | L10: 46209.511 | M10: BACKLOG | N10: N | P10: PLANEJADO | Q10: 46216.971 | R10: PLANEJADO PARA O DIA 14/07/202613/07/2026 23:33:05 - seg | S10: 254014482 | T10: Não | U10: -216964-10 | W10: RETAIL | Z10: PA - DFN - BARUERI - SP | AA10: Aguardando Transferência | AB10: 41.93 | AC10: 1 | AD10: 3.9284 | AE10: 35260632306307000292550100002169641377426375 | AF10: 46206.511 | AG10: 102403 | AI10: BEAUTY LABS COSMETICOS LTDA | AL10: 35260632306307000292550100002169641377426375 | AM10: Entre 6 e 15 | AN10: 55 | AO10: Outbound | AP10: 32.306.307/0002-92 | AR10: 700 | AU10: 32.306.307/0002-92 | AV10: SP | AW10: Barueri | AX10: Dos Alpes | AY10: 06423-080 | AZ10: Jardim Belval | BA10: Beauty Labs Cosmeticos Ltda | BB10: Butanta | BC10: 35260700233065000187571760001024031001024036 | BE10: Beauty Labs Cosmeticos Ltda | BF10: 4 | BG10: Não | BI10: 46202 | BJ10: 05505-040 | BK10: PA - DFN - BARUERI - SP | BL10: 2026_372351 | BM10: 3.9284 | BN10: 3.22 | BQ10: PA - FILIAL SPG - GUARULHOS - SP | BS10: Aguardando Transferência | BU10: Professor Horacio Berlinck,30 | BY10: SIM | BZ10: 7 | CA10: 2026-07-13 23:18:00.0 | CB10: DFN | CC10: DFN | CE10: PA - FILIAL SPG - GUARULHOS - SP | CF10: SPG
A11: P 7000 | B11: PREMIER | C11: 253283 | D11: 1 | E11: Afeet - Bourdon | F11: - | G11: 05.055.599/0029-85 | H11: SP | I11: São Paulo | J11: 05005-030 | K11: UNIDOCK'S ASSESSORIA E LOGISTICA DE MATERIAIS LTD | L11: 46210.997 | M11: BACKLOG | N11: S | O11: 46210.997 | P11: PLANEJADO | Q11: 46216.971 | R11: PLANEJADO PARA O DIA 14/07/202613/07/2026 23:29:36 - seg | S11: 253880575 | T11: Não | U11: 2026/616905-337-253283-1 | V11: PA - FILIAL SPG - GUARULHOS - SP | W11: RETAIL | X11: 0109740910 | Z11: PA - PREMIER (FÍSIA - NIKE) - EXTREMA - MG | AA11: Aguardando Redistribuição | AB11: 568.53 | AC11: 1 | AD11: 12.2977 | AE11: 31260609098221000623550010002532831499835760 | AF11: 46203.634 | AG11: 124060 | AH11: 46206.26 | AI11: PREMIER | AJ11: Entrega | AK11: 2026/616905-337 | AL11: 31260609098221000623550010002532831499835760 | AM11: Entre 6 e 15 | AN11: 50 | AO11: Outbound | AP11: 09.098.221/0006-23 | AQ11: 46209 | AR11: 700 | AS11: 46203.881 | AU11: 09.098.221/0006-23 | AV11: MG | AW11: Extrema | AX11: Municipal Luiz Lopes Neto | AY11: 37645-906 | AZ11: Distrito Industrial Tenentes | BA11: Premier Dist De Vestuarios Calcados Equipamentos E Acessorio | BB11: Perdizes | BC11: 31260600233065004255572010001240601001240607 | BE11: Premier Dist De Vestuarios Calcados Equipamentos E Acessorio | BF11: 4 | BG11: Não | BH11: 1624033 | BI11: 46201 | BJ11: 05005-030 | BK11: PA - FILIAL SPG - GUARULHOS - SP | BM11: 12.297675 | BN11: 3.36 | BP11: 2026/194550-1 | BQ11: PA - FILIAL SPG - GUARULHOS - SP | BS11: Aguardando Redistribuição | BU11: Palestra Italia,500 | BV11: P 903 | BW11: Aguardando Finalização | BX11: 03/07/2026 10:36:46 | BY11: SIM | BZ11: 1 | CA11: 2026-07-13 23:18:00.0
A12: Rota 31 | B12: PREMIER | C12: 253283 | D12: 1 | E12: Afeet - Bourdon | F12: - | G12: 05.055.599/0029-85 | H12: SP | I12: São Paulo | J12: 05005-030 | K12: UNIDOCK'S ASSESSORIA E LOGISTICA DE MATERIAIS LTD | L12: 46210.997 | M12: BACKLOG | N12: S | O12: 46210.997 | P12: PLANEJADO | Q12: 46216.971 | R12: PLANEJADO PARA O DIA 14/07/202613/07/2026 23:29:36 - seg | S12: 253880575 | T12: Não | U12: 2026/616905-337-253283-1 | V12: PA - FILIAL SPG - GUARULHOS - SP | W12: RETAIL | X12: 0109740910 | Z12: PA - PREMIER (FÍSIA - NIKE) - EXTREMA - MG | AA12: Aguardando Redistribuição | AB12: 568.53 | AC12: 1 | AD12: 12.2977 | AE12: 31260609098221000623550010002532831499835760 | AF12: 46203.634 | AG12: 124060 | AH12: 46206.26 | AI12: PREMIER | AJ12: Entrega | AK12: 2026/616905-337 | AL12: 31260609098221000623550010002532831499835760 | AM12: Entre 6 e 15 | AN12: 50 | AO12: Outbound | AP12: 09.098.221/0006-23 | AQ12: 46209 | AR12: 700 | AS12: 46203.881 | AU12: 09.098.221/0006-23 | AV12: MG | AW12: Extrema | AX12: Municipal Luiz Lopes Neto | AY12: 37645-906 | AZ12: Distrito Industrial Tenentes | BA12: Premier Dist De Vestuarios Calcados Equipamentos E Acessorio | BB12: Perdizes | BC12: 31260600233065004255572010001240601001240607 | BE12: Premier Dist De Vestuarios Calcados Equipamentos E Acessorio | BF12: 4 | BG12: Não | BH12: 1624033 | BI12: 46201 | BJ12: 05005-030 | BK12: PA - FILIAL SPG - GUARULHOS - SP | BM12: 12.297675 | BN12: 3.36 | BP12: 2026/194550-1 | BQ12: PA - FILIAL SPG - GUARULHOS - SP | BS12: Aguardando Redistribuição | BU12: Palestra Italia,500 | BV12: P 903 | BW12: Aguardando Finalização | BX12: 03/07/2026 10:36:46 | BY12: SIM | BZ12: 1 | CA12: 2026-07-13 23:18:00.0 | CB12: EXT | CC12: SPG | CD12: SPG | CE12: PA - FILIAL SPG - GUARULHOS - SP | CF12: SPG
A13: AGENDA 13 | B13: METALURGICA SCHADEK LTDA | C13: 890262 | D13: 1 | E13: COMPANHIA BRASILEIRA DE DISTRIBUICAO AUTOMOTIVA S.A | F13: - | G13: 42.580.092/0029-77 | H13: SP | I13: São Paulo | J13: 04185-160 | K13: VANDERLEY TRANSPORTES EIRELI | L13: 46211 | M13: BACKLOG | N13: N | P13: PROGRAMADO PARA | Q13: 46217.389 | R13: Data inicial de entrega para: 15/07/2026 08:00:00 e data fin | S13: 254121884 | T13: Não | U13: 2026/622628-82-890262-1 | V13: PA - FILIAL SPG - GUARULHOS - SP | W13: AEMCE | Z13: PA - SCHADEK - PORTO FELIZ - SP | AA13: Aguardando Distribuição | AB13: 895.23 | AC13: 1 | AD13: 3.0984 | AE13: 35260760851417000190550010008902621566529990 | AF13: 46206.811 | AG13: 39209 | AH13: 46209.911 | AI13: METALURGICA SCHADEK LTDA | AJ13: Transferência | AK13: 2026/622628-82 | AL13: 35260760851417000190550010008902621566529990 | AM13: Entre 6 e 15 | AN13: 41 | AO13: Outbound | AP13: 60.851.417/0001-90 | AQ13: 46209 | AR13: 91 | AS13: 46209.97 | AU13: 60.851.417/0001-90 | AV13: SP | AW13: Porto Feliz | AX13: Carlos Magalhaes | AY13: 18547-216 | AZ13: Jardim Bela Vista | BA13: METALURGICA SCHADEK LTDA | BB13: Vila Liviero | BC13: 35260700233065000187572110000392091000392093 | BE13: METALURGICA SCHADEK LTDA | BF13: 4 | BG13: Sim | BI13: 46206 | BJ13: 04185-160 | BK13: PA - FILIAL SPG - GUARULHOS - SP | BL13: 0080780361 | BM13: 3.0984 | BN13: 2.582 | BQ13: PA - FILIAL SPG - GUARULHOS - SP | BS13: Aguardando Distribuição | BU13: Eugenio Bellotto,200 | BW13: Finalizada | BY13: NÃO | CB13: CADASTRAR | CC13: SPG | CD13: SPG | CE13: PA - FILIAL SPG - GUARULHOS - SP | CF13: SPG
A14: LS Rota 44 R | B14: CSL BEHRING COMERCIO DE PRODUTOS FARMACEUTICOS LTD | C14: 173 | D14: 103 | E14: Unimed S J Campos Coop Trab Medico | F14: - | G14: 60.214.517/0016-91 | H14: SP | I14: São José dos Campos | J14: 12245-481 | K14: UNIDOCK'S ASSESSORIA E LOGISTICA DE MATERIAIS LTD | L14: 46216.398 | M14: BACKLOG | N14: N | P14: TRANSFERÊNCIA ENTRE HUBS DHL | Q14: 46217.467 | R14: 14/07/2026 11:12:24 - ter - TMSBENNER - Todas as filiais | S14: 254555743 | T14: Não | U14: 2026/651987-337-173-103 | V14: PA - FILIAL GRU - AÉREO - GUARULHOS - SP | W14: LIFE SCIENCE | Z14: PA - MULTI CLIENTES - GUARULHOS - SP | AA14: Em Transferência | AB14: 3955.47 | AC14: 1 | AD14: 32.399 | AE14: 35260700233065004921551030000001731009666644 | AF14: 46213.398 | AG14: 205928 | AH14: 46217.466 | AI14: UNIDOCKS ASSESSORIA E LOGISTICA DE MATERIAIS | AJ14: Transferência | AK14: 2026/651987-337 | AL14: 35260700233065004921551030000001731009666644 | AM14: No Prazo | AN14: 122 | AO14: Outbound | AP14: 00.233.065/0049-21 | AR14: 133 | AS14: 46213.653 | AU14: 62.969.589/0014-02 | AV14: SP | AW14: Barueri | AX14: Ceci | AY14: 06460-120 | AZ14: Centro | BA14: Csl | BB14: Vila Bethania | BC14: 35260700233065000187571710002059281002059284 | BE14: Unidocks Assessoria E Logistica De Materiais Ltda | BF14: 4 | BG14: Não | BI14: 46213 | BJ14: 12245-481 | BK14: PA - FILIAL SPG - GUARULHOS - SP | BM14: 32.399 | BN14: 32.399 | BQ14: PA - FILIAL SPG - GUARULHOS - SP | BR14: 0,1 | BS14: Em Transferência | BU14: Tivoli,336 | BW14: Em Trânsito | BY14: SIM | BZ14: 1 | CA14: 2026-07-10 20:40:00.0 | CB14: GRU | CC14: SPG | CD14: GRU | CE14: PA - FILIAL SPG - GUARULHOS - SP | CF14: SPG
A15: Rota 26 | B15: STECK INDUSTRIA ELETRICA LTDA | C15: 91630 | D15: 3 | E15: Veder Do Brasil Eireli | F15: - | G15: 65.874.968/0001-92 | H15: SP | I15: São Paulo | J15: 03223-110 | K15: GABRIEL PEREIRA SANT ANA DOS SANTOS | L15: 46216.58 | M15: BACKLOG | N15: N | P15: REENTREGA SEM COBRANÇA DO CLIENTE | Q15: 46216.698 | R15: Horario de recebimento: 08 as 17hs fechado para almoço das | S15: 254379109 | T15: Não | U15: 2026/640852-337-91630-3 | V15: PA - FILIAL SPG - GUARULHOS - SP | W15: TECHNOLOGY | Z15: PA - STECK - ARUJA - SP | AA15: Aguardando Redistribuição | AB15: 29965.42 | AC15: 9 | AD15: 188.8596 | AE15: 35260705890658000300550030000916301932044935 | AF15: 46211.58 | AG15: 58135 | AH15: 46213.261 | AI15: STECK INDUSTRIA ELETRICA LTDA | AJ15: Entrega | AK15: 2026/640852-337 | AL15: 35260705890658000300550030000916301932044935 | AM15: No Prazo | AN15: 32 | AO15: Outbound | AP15: 05.890.658/0003-00 | AQ15: 46213 | AR15: 22 | AS15: 46211.706 | AU15: 05.890.658/0003-00 | AV15: SP | AW15: Arujá | AX15: Adilia Barbosa Neves | AY15: 07413-000 | AZ15: Portao | BA15: Steck Industria Eletrica Ltda | BB15: Jardim Independencia | BC15: 35260700233065000187571500000581351000581358 | BE15: Steck Industria Eletrica Ltda | BF15: 4 | BG15: Não | BI15: 46210 | BJ15: 03223-110 | BK15: PA - FILIAL SPG - GUARULHOS - SP | BL15: 092166 | BM15: 188.8596 | BN15: 116.58 | BQ15: PA - FILIAL SPG - GUARULHOS - SP | BS15: Aguardando Redistribuição | BU15: Secundino Domingues,22 | BV15: Rota 42 | BW15: Finalizada | BY15: SIM | BZ15: 1 | CA15: 2026-07-08 19:37:00.0 | CB15: STECK | CC15: SPG | CD15: SPG | CE15: PA - FILIAL SPG - GUARULHOS - SP | CF15: SPG
A16: LS Rota 45 | B16: CONVATEC BRASIL LTDA | C16: 201980 | D16: 1 | E16: MEDMOGI MED ORTOPEDICOS SUZANMED | F16: - | G16: 27.460.051/0001-52 | H16: SP | I16: Mogi das Cruzes | J16: 08710-160 | K16: VANDERLEY TRANSPORTES EIRELI | L16: 46217.698 | M16: BACKLOG | N16: N | P16: PLANEJADO | Q16: 46216.971 | R16: PLANEJADO PARA O DIA 14/07/202613/07/2026 23:31:59 - seg | S16: 254666201 | T16: Não | U16: 2026/651397-82-201980-1 | V16: PA - FILIAL SPG - GUARULHOS - SP | W16: LIFE SCIENCE | Z16: PA - MULTI ORIGENS - JANDIRA - SP | AA16: Distribuído | AB16: 5376.56 | AC16: 3 | AD16: 24.0411 | AE16: 35260709603161000497550010002019801994773254 | AF16: 46216.698 | AG16: 106832 | AI16: CONVATEC BRASIL LTDA | AJ16: Transferência | AK16: 2026/651397-82 | AL16: 35260709603161000497550010002019801994773254 | AM16: No Prazo | AN16: 87 | AO16: Outbound | AP16: 09.603.161/0004-97 | AR16: 700 | AS16: 46216.968 | AU16: 09.603.161/0004-97 | AV16: SP | AW16: Jundiaí | AX16: Francisco Roveri | AY16: 13212-541 | AZ16: Parque Almerinda Pereira Chaves | BA16: Convatec Brasil Ltda | BB16: Centro | BC16: 35260700233065000187571810001068321001068322 | BE16: Convatec Brasil Ltda | BF16: 4 | BG16: Não | BI16: 46213 | BJ16: 08710-160 | BK16: PA - HUB CEL - SP - DOX 1000 | BL16: 32379135 | BM16: 24.04112 | BN16: 9.694 | BQ16: PA - FILIAL SPG - GUARULHOS - SP | BS16: Distribuído | BU16: Barao De Jaceguai,617 | BW16: Em Elaboração | BY16: SIM | BZ16: 1 | CA16: 2026-07-13 23:18:00.0 | CB16: BAR | CC16: CEL H | CD16: SPG | CE16: PA - FILIAL SPG - GUARULHOS - SP | CF16: SPG
A17: LS Rota 44 R | B17: BD | C17: 382379 | D17: 7 | E17: Hapvida Assistencia Medica S A | F17: - | G17: 63.554.067/0302-67 | H17: SP | I17: São José dos Campos | J17: 12245-280 | K17: UILIAN PRAZITO RODRIGUES | L17: 46217.878 | M17: BACKLOG | N17: N | P17: CHEGADA DHL | Q17: 46217.009 | R17: 14/07/2026 00:14:31 - ter - TMSBENNER - Todas as filiais | S17: 254736860 | T17: Não | U17: 2026/644053-58-382379-7 | V17: PA - MEDTRONIC HIAE BD - OSASCO - SP | W17: LIFE SCIENCE | Z17: PA - BECTON DICKISON BECKMAM BOEHRINGER CSL SAMSUNG - ABBOTT- JOINVILLE - SC - ISDIN SC | AA17: Aguardando Transferência | AB17: 624 | AC17: 1 | AD17: 0 | AE17: 42260721551379002141550070003823791308985977 | AF17: 46216.878 | AG17: 52617 | AH17: 46216.891 | AI17: BD | AJ17: Transferência | AK17: 2026/644053-58 | AL17: 42260721551379002141550070003823791308985977 | AM17: No Prazo | AN17: 122 | AO17: Outbound | AP17: 21.551.379/0021-41 | AQ17: 46217 | AR17: 97 | AS17: 46217.008 | AU17: 21.551.379/0021-41 | AV17: SC | AW17: Itajaí | AX17: Ver Germano Luiz Vieira - Armz 3 | AY17: 88316-701 | AZ17: Itaipava | BA17: BECTON DICKINSON INDUSTRIAS CIRURGICAS LTDA | BB17: Jardim Sao Dimas | BC17: 42260700233065002554570510000526171000526179 | BE17: BECTON DICKINSON INDUSTRIAS CIRURGICAS LTDA | BF17: 3 | BG17: Não | BI17: 46216 | BJ17: 12245-280 | BK17: PA - MEDTRONIC HIAE BD - OSASCO - SP | BL17: 6035858019 | BM17: 3.995 | BN17: 3.995 | BQ17: PA - FILIAL SPG - GUARULHOS - SP | BS17: Aguardando Transferência | BU17: Heitor Villa Lobos,2071 | BW17: Finalizada | BY17: NÃO | CB17: JOI | CC17: BAR | CD17: BAR | CE17: PA - FILIAL SPG - GUARULHOS - SP | CF17: SPG
A18: LS Rota 44 R | B18: BD | C18: 382376 | D18: 7 | E18: Hapvida Assistencia Medica S A | F18: - | G18: 63.554.067/0302-67 | H18: SP | I18: São José dos Campos | J18: 12245-280 | K18: UILIAN PRAZITO RODRIGUES | L18: 46217.878 | M18: BACKLOG | N18: N | P18: CHEGADA DHL | Q18: 46217.009 | R18: 14/07/2026 00:14:31 - ter - TMSBENNER - Todas as filiais | S18: 254736866 | T18: Não | U18: 2026/644053-58-382376-7 | V18: PA - MEDTRONIC HIAE BD - OSASCO - SP | W18: LIFE SCIENCE | Z18: PA - BECTON DICKISON BECKMAM BOEHRINGER CSL SAMSUNG - ABBOTT- JOINVILLE - SC - ISDIN SC | AA18: Aguardando Transferência | AB18: 13800 | AC18: 31 | AD18: 0 | AE18: 42260721551379002141550070003823761308876289 | AF18: 46216.878 | AG18: 52623 | AH18: 46216.891 | AI18: BD | AJ18: Transferência | AK18: 2026/644053-58 | AL18: 42260721551379002141550070003823761308876289 | AM18: No Prazo | AN18: 122 | AO18: Outbound | AP18: 21.551.379/0021-41 | AQ18: 46217 | AR18: 97 | AS18: 46217.008 | AU18: 21.551.379/0021-41 | AV18: SC | AW18: Itajaí | AX18: Ver Germano Luiz Vieira - Armz 3 | AY18: 88316-701 | AZ18: Itaipava | BA18: BECTON DICKINSON INDUSTRIAS CIRURGICAS LTDA | BB18: Jardim Sao Dimas | BC18: 42260700233065002554570510000526231000526230 | BE18: BECTON DICKINSON INDUSTRIAS CIRURGICAS LTDA | BF18: 3 | BG18: Não | BI18: 46216 | BJ18: 12245-280 | BK18: PA - MEDTRONIC HIAE BD - OSASCO - SP | BL18: 6035824247 | BM18: 40.26 | BN18: 40.26 | BQ18: PA - FILIAL SPG - GUARULHOS - SP | BS18: Aguardando Transferência | BU18: Heitor Villa Lobos,2071 | BW18: Finalizada | BY18: NÃO | CB18: JOI | CC18: BAR | CD18: BAR | CE18: PA - FILIAL SPG - GUARULHOS - SP | CF18: SPG
A19: LS Rota 44 R | B19: BD | C19: 382378 | D19: 7 | E19: Hapvida Assistencia Medica S A | F19: - | G19: 63.554.067/0302-67 | H19: SP | I19: São José dos Campos | J19: 12245-280 | K19: UILIAN PRAZITO RODRIGUES | L19: 46217.879 | M19: BACKLOG | N19: N | P19: CHEGADA DHL | Q19: 46217.009 | R19: 14/07/2026 00:14:34 - ter - TMSBENNER - Todas as filiais | S19: 254736875 | T19: Não | U19: 2026/644053-58-382378-7 | V19: PA - MEDTRONIC HIAE BD - OSASCO - SP | W19: LIFE SCIENCE | Z19: PA - BECTON DICKISON BECKMAM BOEHRINGER CSL SAMSUNG - ABBOTT- JOINVILLE - SC - ISDIN SC | AA19: Aguardando Transferência | AB19: 2263.22 | AC19: 7 | AD19: 0 | AE19: 42260721551379002141550070003823781308954632 | AF19: 46216.879 | AG19: 52631 | AH19: 46216.891 | AI19: BD | AJ19: Transferência | AK19: 2026/644053-58 | AL19: 42260721551379002141550070003823781308954632 | AM19: No Prazo | AN19: 122 | AO19: Outbound | AP19: 21.551.379/0021-41 | AQ19: 46217 | AR19: 97 | AS19: 46217.008 | AU19: 21.551.379/0021-41 | AV19: SC | AW19: Itajaí | AX19: Ver Germano Luiz Vieira - Armz 3 | AY19: 88316-701 | AZ19: Itaipava | BA19: BECTON DICKINSON INDUSTRIAS CIRURGICAS LTDA | BB19: Jardim Sao Dimas | BC19: 42260700233065002554570510000526311000526313 | BE19: BECTON DICKINSON INDUSTRIAS CIRURGICAS LTDA | BF19: 3 | BG19: Não | BI19: 46216 | BJ19: 12245-280 | BK19: PA - MEDTRONIC HIAE BD - OSASCO - SP | BL19: 6035847321 | BM19: 10.456 | BN19: 10.456 | BQ19: PA - FILIAL SPG - GUARULHOS - SP | BS19: Aguardando Transferência | BU19: Heitor Villa Lobos,2071 | BW19: Finalizada | BY19: NÃO | CB19: JOI | CC19: BAR | CD19: BAR | CE19: PA - FILIAL SPG - GUARULHOS - SP | CF19: SPG
A20: LS Rota 44 R | B20: BD | C20: 382377 | D20: 7 | E20: Hapvida Assistencia Medica S A | F20: - | G20: 63.554.067/0302-67 | H20: SP | I20: São José dos Campos | J20: 12245-280 | K20: UILIAN PRAZITO RODRIGUES | L20: 46217.879 | M20: BACKLOG | N20: N | P20: CHEGADA DHL | Q20: 46217.009 | R20: 14/07/2026 00:14:33 - ter - TMSBENNER - Todas as filiais | S20: 254736892 | T20: Não | U20: 2026/644053-58-382377-7 | V20: PA - MEDTRONIC HIAE BD - OSASCO - SP | W20: LIFE SCIENCE | Z20: PA - BECTON DICKISON BECKMAM BOEHRINGER CSL SAMSUNG - ABBOTT- JOINVILLE - SC - ISDIN SC | AA20: Aguardando Transferência | AB20: 980.15 | AC20: 7 | AD20: 0 | AE20: 42260721551379002141550070003823771308907629 | AF20: 46216.879 | AG20: 52648 | AH20: 46216.891 | AI20: BD | AJ20: Transferência | AK20: 2026/644053-58 | AL20: 42260721551379002141550070003823771308907629 | AM20: No Prazo | AN20: 122 | AO20: Outbound | AP20: 21.551.379/0021-41 | AQ20: 46217 | AR20: 97 | AS20: 46217.008 | AU20: 21.551.379/0021-41 | AV20: SC | AW20: Itajaí | AX20: Ver Germano Luiz Vieira - Armz 3 | AY20: 88316-701 | AZ20: Itaipava | BA20: BECTON DICKINSON INDUSTRIAS CIRURGICAS LTDA | BB20: Jardim Sao Dimas | BC20: 42260700233065002554570510000526481000526485 | BE20: BECTON DICKINSON INDUSTRIAS CIRURGICAS LTDA | BF20: 3 | BG20: Não | BI20: 46216 | BJ20: 12245-280 | BK20: PA - MEDTRONIC HIAE BD - OSASCO - SP | BL20: 6035865505 | BM20: 25.403 | BN20: 25.403 | BQ20: PA - FILIAL SPG - GUARULHOS - SP | BS20: Aguardando Transferência | BU20: Heitor Villa Lobos,2071 | BW20: Finalizada | BY20: NÃO | CB20: JOI | CC20: BAR | CD20: BAR | CE20: PA - FILIAL SPG - GUARULHOS - SP | CF20: SPG
A21: Rota 32 | B21: METALURGICA SCHADEK LTDA | C21: 894437 | D21: 1 | E21: Josecar Distribuidora De Auto Pecas | F21: - | G21: 52.743.275/0010-00 | H21: SP | I21: São Paulo | J21: 02734-000 | K21: VANDERLEY TRANSPORTES EIRELI | L21: 46218 | M21: D0 | N21: N | P21: CHEGADA DHL | Q21: 46213.862 | R21: 10/07/2026 20:42:28 - sex - TMSBENNER - Todas as filiais | S21: 254543302 | T21: Não | U21: 2026/651397-82-894437-1 | V21: PA - FILIAL SPG - GUARULHOS - SP | W21: AEMCE | Z21: PA - SCHADEK - PORTO FELIZ - SP | AA21: Distribuído | AB21: 35.94 | AC21: 1 | AD21: 1.08 | AE21: 35260760851417000190550010008944371226430462 | AF21: 46213.688 | AG21: 41898 | AI21: METALURGICA SCHADEK LTDA | AJ21: Transferência | AK21: 2026/651397-82 | AL21: 35260760851417000190550010008944371226430462 | AM21: No Prazo | AN21: 27 | AO21: Outbound | AP21: 60.851.417/0001-90 | AR21: 97 | AS21: 46213.829 | AU21: 60.851.417/0001-90 | AV21: SP | AW21: Porto Feliz | AX21: Carlos Magalhaes | AY21: 18547-216 | AZ21: Jardim Bela Vista | BA21: METALURGICA SCHADEK LTDA | BB21: Nossa Senhora Do O | BC21: 35260700233065000187572110000418981000418980 | BE21: METALURGICA SCHADEK LTDA | BF21: 4 | BG21: Não | BI21: 46212 | BJ21: 02734-000 | BK21: PA - HUB CEL - SP - DOX 1000 | BL21: 0080790331 | BM21: 1.08 | BN21: 0.9 | BQ21: PA - FILIAL SPG - GUARULHOS - SP | BS21: Distribuído | BU21: Itaberaba,363 | BW21: Em Elaboração | BY21: NÃO | CB21: CADASTRAR | CC21: CEL H | CD21: SPG | CE21: PA - FILIAL SPG - GUARULHOS - SP | CF21: SPG
A22: Rota 30 | B22: METALURGICA SCHADEK LTDA | C22: 892978 | D22: 1 | E22: Tonini Distribuidora Ltda | F22: - | G22: 11.091.418/0001-78 | H22: SP | I22: São Paulo | J22: 02739-000 | K22: VANDERLEY TRANSPORTES EIRELI | L22: 46218 | M22: D0 | N22: N | P22: CHEGADA DHL | Q22: 46213.862 | R22: 10/07/2026 20:42:18 - sex - TMSBENNER - Todas as filiais | S22: 254470950 | T22: Não | U22: 2026/651397-82-892978-1 | V22: PA - FILIAL SPG - GUARULHOS - SP | W22: AEMCE | Z22: PA - SCHADEK - PORTO FELIZ - SP | AA22: Distribuído | AB22: 429.33 | AC22: 1 | AD22: 1.398 | AE22: 35260760851417000190550010008929781223379963 | AF22: 46213.685 | AG22: 41594 | AI22: METALURGICA SCHADEK LTDA | AJ22: Transferência | AK22: 2026/651397-82 | AL22: 35260760851417000190550010008929781223379963 | AM22: No Prazo | AN22: 27 | AO22: Outbound | AP22: 60.851.417/0001-90 | AR22: 97 | AS22: 46213.829 | AU22: 60.851.417/0001-90 | AV22: SP | AW22: Porto Feliz | AX22: Carlos Magalhaes | AY22: 18547-216 | AZ22: Jardim Bela Vista | BA22: METALURGICA SCHADEK LTDA | BB22: Itaberaba | BC22: 35260700233065000187572110000415941000415942 | BE22: METALURGICA SCHADEK LTDA | BF22: 4 | BG22: Não | BI22: 46211 | BJ22: 02739-000 | BK22: PA - HUB CEL - SP - DOX 1000 | BL22: 0080790818 | BM22: 1.398 | BN22: 1.165 | BQ22: PA - FILIAL SPG - GUARULHOS - SP | BS22: Distribuído | BU22: Itaberaba,4516 | BW22: Em Elaboração | BY22: NÃO | CB22: CADASTRAR | CC22: CEL H | CD22: SPG | CE22: PA - FILIAL SPG - GUARULHOS - SP | CF22: SPG
A23: Rota 32 | B23: METALURGICA SCHADEK LTDA | C23: 894088 | D23: 1 | E23: Piqueri Com Distr De Auto Pecas Ltda | F23: - | G23: 60.672.441/0001-61 | H23: SP | I23: São Paulo | J23: 02912-000 | K23: VANDERLEY TRANSPORTES EIRELI | L23: 46218 | M23: D0 | N23: N | P23: CHEGADA DHL | Q23: 46213.862 | R23: 10/07/2026 20:42:18 - sex - TMSBENNER - Todas as filiais | S23: 254540776 | T23: Não | U23: 2026/651397-82-894088-1 | V23: PA - FILIAL SPG - GUARULHOS - SP | W23: AEMCE | Z23: PA - SCHADEK - PORTO FELIZ - SP | AA23: Distribuído | AB23: 1380.66 | AC23: 1 | AD23: 10.56 | AE23: 35260760851417000190550010008940881151440471 | AF23: 46213.687 | AG23: 41818 | AI23: METALURGICA SCHADEK LTDA | AJ23: Transferência | AK23: 2026/651397-82 | AL23: 35260760851417000190550010008940881151440471 | AM23: No Prazo | AN23: 29 | AO23: Outbound | AP23: 60.851.417/0001-90 | AR23: 97 | AS23: 46213.829 | AU23: 60.851.417/0001-90 | AV23: SP | AW23: Porto Feliz | AX23: Carlos Magalhaes | AY23: 18547-216 | AZ23: Jardim Bela Vista | BA23: METALURGICA SCHADEK LTDA | BB23: Casa Verde Baixa | BC23: 35260700233065000187572110000418181000418180 | BE23: METALURGICA SCHADEK LTDA | BF23: 4 | BG23: Não | BI23: 46212 | BJ23: 02912-000 | BK23: PA - HUB CEL - SP - DOX 1000 | BL23: 0080791788 | BM23: 10.56 | BN23: 8.8 | BQ23: PA - FILIAL SPG - GUARULHOS - SP | BS23: Distribuído | BU23: Coronel Bento Bicudo,767 | BW23: Em Elaboração | BY23: NÃO | CB23: CADASTRAR | CC23: CEL H | CD23: SPG | CE23: PA - FILIAL SPG - GUARULHOS - SP | CF23: SPG
A24: Rota 32 | B24: METALURGICA SCHADEK LTDA | C24: 894087 | D24: 1 | E24: Piqueri Com Distr De Auto Pecas Ltda | F24: - | G24: 60.672.441/0001-61 | H24: SP | I24: São Paulo | J24: 02912-000 | K24: VANDERLEY TRANSPORTES EIRELI | L24: 46218 | M24: D0 | N24: N | P24: CHEGADA DHL | Q24: 46213.967 | R24: 10/07/2026 23:14:39 - sex - TMSBENNER - Todas as filiais | S24: 254540796 | T24: Não | U24: 2026/651397-82-894087-1 | V24: PA - FILIAL SPG - GUARULHOS - SP | W24: AEMCE | Z24: PA - SCHADEK - PORTO FELIZ - SP | AA24: Distribuído | AB24: 1132.04 | AC24: 1 | AD24: 5.736 | AE24: 35260760851417000190550010008940871700630773 | AF24: 46213.806 | AG24: 41961 | AI24: METALURGICA SCHADEK LTDA | AJ24: Transferência | AK24: 2026/651397-82 | AL24: 35260760851417000190550010008940871700630773 | AM24: No Prazo | AN24: 29 | AO24: Outbound | AP24: 60.851.417/0001-90 | AR24: 97 | AS24: 46213.944 | AU24: 60.851.417/0001-90 | AV24: SP | AW24: Porto Feliz | AX24: Carlos Magalhaes | AY24: 18547-216 | AZ24: Jardim Bela Vista | BA24: METALURGICA SCHADEK LTDA | BB24: Casa Verde Baixa | BC24: 35260700233065000187572110000419611000419612 | BE24: METALURGICA SCHADEK LTDA | BF24: 4 | BG24: Não | BI24: 46212 | BJ24: 02912-000 | BK24: PA - HUB CEL - SP - DOX 1000 | BL24: 0080789847 | BM24: 5.736 | BN24: 4.78 | BQ24: PA - FILIAL SPG - GUARULHOS - SP | BS24: Distribuído | BU24: Coronel Bento Bicudo,767 | BW24: Em Elaboração | BY24: NÃO | CB24: CADASTRAR | CC24: CEL H | CD24: SPG | CE24: PA - FILIAL SPG - GUARULHOS - SP | CF24: SPG
A25: Rota 26 | B25: METALURGICA SCHADEK LTDA | C25: 894084 | D25: 1 | E25: KOGA KOGA CIA LTDA KOGA KOGA | F25: - | G25: 61.256.996/0004-38 | H25: SP | I25: São Paulo | J25: 03191-160 | K25: VANDERLEY TRANSPORTES EIRELI | L25: 46218 | M25: D0 | N25: N | P25: CHEGADA DHL | Q25: 46213.967 | R25: 10/07/2026 23:14:31 - sex - TMSBENNER - Todas as filiais | S25: 254540742 | T25: Não | U25: 2026/651397-82-894084-1 | V25: PA - FILIAL SPG - GUARULHOS - SP | W25: AEMCE | Z25: PA - SCHADEK - PORTO FELIZ - SP | AA25: Distribuído | AB25: 284.97 | AC25: 1 | AD25: 1.188 | AE25: 35260760851417000190550010008940841238796880 | AF25: 46213.806 | AG25: 41924 | AI25: METALURGICA SCHADEK LTDA | AJ25: Transferência | AK25: 2026/651397-82 | AL25: 35260760851417000190550010008940841238796880 | AM25: No Prazo | AN25: 31 | AO25: Outbound | AP25: 60.851.417/0001-90 | AR25: 97 | AS25: 46213.944 | AU25: 60.851.417/0001-90 | AV25: SP | AW25: Porto Feliz | AX25: Carlos Magalhaes | AY25: 18547-216 | AZ25: Jardim Bela Vista | BA25: METALURGICA SCHADEK LTDA | BB25: Vila Canero | BC25: 35260700233065000187572110000419241000419244 | BE25: METALURGICA SCHADEK LTDA | BF25: 4 | BG25: Não | BI25: 46212 | BJ25: 03191-160 | BK25: PA - HUB CEL - SP - DOX 1000 | BL25: 0080793220 | BM25: 1.188 | BN25: 0.99 | BQ25: PA - FILIAL SPG - GUARULHOS - SP | BS25: Distribuído | BU25: Amapa,161 | BW25: Em Elaboração | BY25: NÃO | CB25: CADASTRAR | CC25: CEL H | CD25: SPG | CE25: PA - FILIAL SPG - GUARULHOS - SP | CF25: SPG
A26: Rota 26 | B26: METALURGICA SCHADEK LTDA | C26: 894082 | D26: 1 | E26: KOGA KOGA CIA LTDA KOGA KOGA | F26: - | G26: 61.256.996/0004-38 | H26: SP | I26: São Paulo | J26: 03191-160 | K26: VANDERLEY TRANSPORTES EIRELI | L26: 46218 | M26: D0 | N26: N | P26: CHEGADA DHL | Q26: 46213.862 | R26: 10/07/2026 20:42:21 - sex - TMSBENNER - Todas as filiais | S26: 254540759 | T26: Não | U26: 2026/651397-82-894082-1 | V26: PA - FILIAL SPG - GUARULHOS - SP | W26: AEMCE | Z26: PA - SCHADEK - PORTO FELIZ - SP | AA26: Distribuído | AB26: 80.33 | AC26: 1 | AD26: 0.6792 | AE26: 35260760851417000190550010008940821451904216 | AF26: 46213.687 | AG26: 41815 | AI26: METALURGICA SCHADEK LTDA | AJ26: Transferência | AK26: 2026/651397-82 | AL26: 35260760851417000190550010008940821451904216 | AM26: No Prazo | AN26: 31 | AO26: Outbound | AP26: 60.851.417/0001-90 | AR26: 97 | AS26: 46213.829 | AU26: 60.851.417/0001-90 | AV26: SP | AW26: Porto Feliz | AX26: Carlos Magalhaes | AY26: 18547-216 | AZ26: Jardim Bela Vista | BA26: METALURGICA SCHADEK LTDA | BB26: Vila Canero | BC26: 35260700233065000187572110000418151000418154 | BE26: METALURGICA SCHADEK LTDA | BF26: 4 | BG26: Não | BI26: 46212 | BJ26: 03191-160 | BK26: PA - HUB CEL - SP - DOX 1000 | BL26: 0080791866 | BM26: 0.6792 | BN26: 0.566 | BQ26: PA - FILIAL SPG - GUARULHOS - SP | BS26: Distribuído | BU26: Amapa,161 | BW26: Em Elaboração | BY26: NÃO | CB26: CADASTRAR | CC26: CEL H | CD26: SPG | CE26: PA - FILIAL SPG - GUARULHOS - SP | CF26: SPG
A27: Rota 26 | B27: METALURGICA SCHADEK LTDA | C27: 894083 | D27: 1 | E27: KOGA KOGA CIA LTDA KOGA KOGA | F27: - | G27: 61.256.996/0004-38 | H27: SP | I27: São Paulo | J27: 03191-160 | K27: VANDERLEY TRANSPORTES EIRELI | L27: 46218 | M27: D0 | N27: N | P27: CHEGADA DHL | Q27: 46213.967 | R27: 10/07/2026 23:14:31 - sex - TMSBENNER - Todas as filiais | S27: 254540764 | T27: Não | U27: 2026/651397-82-894083-1 | V27: PA - FILIAL SPG - GUARULHOS - SP | W27: AEMCE | Z27: PA - SCHADEK - PORTO FELIZ - SP | AA27: Distribuído | AB27: 307.11 | AC27: 1 | AD27: 1.098 | AE27: 35260760851417000190550010008940831605536901 | AF27: 46213.806 | AG27: 41924 | AI27: METALURGICA SCHADEK LTDA | AJ27: Transferência | AK27: 2026/651397-82 | AL27: 35260760851417000190550010008940831605536901 | AM27: No Prazo | AN27: 31 | AO27: Outbound | AP27: 60.851.417/0001-90 | AR27: 97 | AS27: 46213.944 | AU27: 60.851.417/0001-90 | AV27: SP | AW27: Porto Feliz | AX27: Carlos Magalhaes | AY27: 18547-216 | AZ27: Jardim Bela Vista | BA27: METALURGICA SCHADEK LTDA | BB27: Vila Canero | BC27: 35260700233065000187572110000419241000419244 | BE27: METALURGICA SCHADEK LTDA | BF27: 4 | BG27: Não | BI27: 46212 | BJ27: 03191-160 | BK27: PA - HUB CEL - SP - DOX 1000 | BL27: 0080792783 | BM27: 1.098 | BN27: 0.915 | BQ27: PA - FILIAL SPG - GUARULHOS - SP | BS27: Distribuído | BU27: Amapa,161 | BW27: Em Elaboração | BY27: NÃO | CB27: CADASTRAR | CC27: CEL H | CD27: SPG | CE27: PA - FILIAL SPG - GUARULHOS - SP | CF27: SPG
A28: Rota 31 | B28: METALURGICA SCHADEK LTDA | C28: 893142 | D28: 1 | E28: Comdip Comercial Distribuidora De P | F28: - | G28: 68.647.312/0002-06 | H28: SP | I28: São Paulo | J28: 05033-002 | K28: VANDERLEY TRANSPORTES EIRELI | L28: 46218 | M28: D0 | N28: N | P28: CHEGADA DHL | Q28: 46213.862 | R28: 10/07/2026 20:42:20 - sex - TMSBENNER - Todas as filiais | S28: 254471269 | T28: Não | U28: 2026/651397-82-893142-1 | V28: PA - FILIAL SPG - GUARULHOS - SP | W28: AEMCE | Z28: PA - SCHADEK - PORTO FELIZ - SP | AA28: Distribuído | AB28: 1149.7 | AC28: 2 | AD28: 22.3248 | AE28: 35260760851417000190550010008931421112056552 | AF28: 46213.685 | AG28: 41619 | AI28: METALURGICA SCHADEK LTDA | AJ28: Transferência | AK28: 2026/651397-82 | AL28: 35260760851417000190550010008931421112056552 | AM28: No Prazo | AN28: 50 | AO28: Outbound | AP28: 60.851.417/0001-90 | AR28: 97 | AS28: 46213.829 | AU28: 60.851.417/0001-90 | AV28: SP | AW28: Porto Feliz | AX28: Carlos Magalhaes | AY28: 18547-216 | AZ28: Jardim Bela Vista | BA28: METALURGICA SCHADEK LTDA | BB28: Água Branca | BC28: 35260700233065000187572110000416191000416192 | BE28: METALURGICA SCHADEK LTDA | BF28: 4 | BG28: Não | BI28: 46211 | BJ28: 05033-002 | BK28: PA - HUB CEL - SP - DOX 1000 | BL28: 0080790838 | BM28: 22.3248 | BN28: 18.604 | BQ28: PA - FILIAL SPG - GUARULHOS - SP | BS28: Distribuído | BU28: Guaicurus,1317 | BW28: Em Elaboração | BY28: NÃO | CB28: CADASTRAR | CC28: CEL H | CD28: SPG | CE28: PA - FILIAL SPG - GUARULHOS - SP | CF28: SPG
A29: Rota 31 | B29: METALURGICA SCHADEK LTDA | C29: 894099 | D29: 1 | E29: Comdip Comercial Distribuidora De P | F29: - | G29: 68.647.312/0002-06 | H29: SP | I29: São Paulo | J29: 05033-002 | K29: VANDERLEY TRANSPORTES EIRELI | L29: 46218 | M29: D0 | N29: N | P29: CHEGADA DHL | Q29: 46213.967 | R29: 10/07/2026 23:14:35 - sex - TMSBENNER - Todas as filiais | S29: 254540736 | T29: Não | U29: 2026/651397-82-894099-1 | V29: PA - FILIAL SPG - GUARULHOS - SP | W29: AEMCE | Z29: PA - SCHADEK - PORTO FELIZ - SP | AA29: Distribuído | AB29: 1884.73 | AC29: 2 | AD29: 17.3448 | AE29: 35260760851417000190550010008940991704330953 | AF29: 46213.806 | AG29: 41985 | AI29: METALURGICA SCHADEK LTDA | AJ29: Transferência | AK29: 2026/651397-82 | AL29: 35260760851417000190550010008940991704330953 | AM29: No Prazo | AN29: 50 | AO29: Outbound | AP29: 60.851.417/0001-90 | AR29: 97 | AS29: 46213.944 | AU29: 60.851.417/0001-90 | AV29: SP | AW29: Porto Feliz | AX29: Carlos Magalhaes | AY29: 18547-216 | AZ29: Jardim Bela Vista | BA29: METALURGICA SCHADEK LTDA | BB29: Água Branca | BC29: 35260700233065000187572110000419851000419851 | BE29: METALURGICA SCHADEK LTDA | BF29: 4 | BG29: Não | BI29: 46212 | BJ29: 05033-002 | BK29: PA - HUB CEL - SP - DOX 1000 | BL29: 0080792130 | BM29: 17.3448 | BN29: 14.454 | BQ29: PA - FILIAL SPG - GUARULHOS - SP | BS29: Distribuído | BU29: Guaicurus,1317 | BW29: Em Elaboração | BY29: NÃO | CB29: CADASTRAR | CC29: CEL H | CD29: SPG | CE29: PA - FILIAL SPG - GUARULHOS - SP | CF29: SPG
A30: Rota 29 | B30: METALURGICA SCHADEK LTDA | C30: 894266 | D30: 1 | E30: Perim Comercio De Auto Pecas Ltda | F30: - | G30: 51.195.790/0009-04 | H30: SP | I30: Guarulhos | J30: 07222-040 | K30: VANDERLEY TRANSPORTES EIRELI | L30: 46218 | M30: D0 | N30: N | P30: CHEGADA DHL | Q30: 46213.967 | R30: 10/07/2026 23:14:28 - sex - TMSBENNER - Todas as filiais | S30: 254541146 | T30: Não | U30: 2026/651397-82-894266-1 | V30: PA - FILIAL SPG - GUARULHOS - SP | W30: AEMCE | Z30: PA - SCHADEK - PORTO FELIZ - SP | AA30: Distribuído | AB30: 14474.5 | AC30: 11 | AD30: 116.214 | AE30: 35260760851417000190550010008942661678337372 | AF30: 46213.807 | AG30: 42030 | AI30: METALURGICA SCHADEK LTDA | AJ30: Transferência | AK30: 2026/651397-82 | AL30: 35260760851417000190550010008942661678337372 | AM30: No Prazo | AN30: 72 | AO30: Outbound | AP30: 60.851.417/0001-90 | AR30: 97 | AS30: 46213.944 | AU30: 60.851.417/0001-90 | AV30: SP | AW30: Porto Feliz | AX30: Carlos Magalhaes | AY30: 18547-216 | AZ30: Jardim Bela Vista | BA30: METALURGICA SCHADEK LTDA | BB30: Cis Satelite Sao Paulo | BC30: 35260700233065000187572110000420301000420300 | BE30: METALURGICA SCHADEK LTDA | BF30: 4 | BG30: Não | BI30: 46212 | BJ30: 07222-040 | BK30: PA - HUB CEL - SP - DOX 1000 | BL30: 0080793322 | BM30: 116.214 | BN30: 96.845 | BQ30: PA - FILIAL SPG - GUARULHOS - SP | BS30: Distribuído | BU30: Clementina,45 | BW30: Em Elaboração | BY30: NÃO | CB30: CADASTRAR | CC30: CEL H | CD30: SPG | CE30: PA - FILIAL SPG - GUARULHOS - SP | CF30: SPG
A31: Rota 36 | B31: METALURGICA SCHADEK LTDA | C31: 892510 | D31: 1 | E31: Fuad Said Madi | F31: - | G31: 11.213.484/0001-73 | H31: SP | I31: Guarujá | J31: 11460-000 | K31: VANDERLEY TRANSPORTES EIRELI | L31: 46218 | M31: D0 | N31: N | P31: CHEGADA DHL | Q31: 46216.985 | R31: 13/07/2026 23:40:10 - seg - TMSBENNER - Todas as filiais | S31: 254378920 | T31: Não | U31: 2026/645199-82-892510-1 | V31: PA - FILIAL SPG - GUARULHOS - SP | W31: AEMCE | Z31: PA - SCHADEK - PORTO FELIZ - SP | AA31: Aguardando Distribuição | AB31: 10739.73 | AC31: 6 | AD31: 104.8524 | AE31: 35260760851417000190550010008925101849816441 | AF31: 46211.86 | AG31: 40974 | AH31: 46216.915 | AI31: METALURGICA SCHADEK LTDA | AJ31: Transferência | AK31: 2026/645199-82 | AL31: 35260760851417000190550010008925101849816441 | AM31: No Prazo | AN31: 114 | AO31: Outbound | AP31: 60.851.417/0001-90 | AQ31: 46216 | AR31: 97 | AS31: 46216.985 | AU31: 60.851.417/0001-90 | AV31: SP | AW31: Porto Feliz | AX31: Carlos Magalhaes | AY31: 18547-216 | AZ31: Jardim Bela Vista | BA31: METALURGICA SCHADEK LTDA | BB31: Sitio Paecara (Vicente De Carvalho | BC31: 35260700233065000187572110000409741000409742 | BE31: METALURGICA SCHADEK LTDA | BF31: 4 | BG31: Não | BI31: 46210 | BJ31: 11460-000 | BK31: PA - FILIAL SPG - GUARULHOS - SP | BL31: 0080790810 | BM31: 104.8524 | BN31: 87.377 | BQ31: PA - FILIAL SPG - GUARULHOS - SP | BS31: Aguardando Distribuição | BU31: Santos Dumont,640 | BW31: Finalizada | BY31: NÃO | CB31: CADASTRAR | CC31: SPG | CD31: SPG | CE31: PA - FILIAL SPG - GUARULHOS - SP | CF31: SPG
A32: Rota 36 | B32: METALURGICA SCHADEK LTDA | C32: 892509 | D32: 1 | E32: Fuad Said Madi | F32: - | G32: 11.213.484/0001-73 | H32: SP | I32: Guarujá | J32: 11460-000 | K32: VANDERLEY TRANSPORTES EIRELI | L32: 46218 | M32: D0 | N32: N | P32: CHEGADA DHL | Q32: 46216.985 | R32: 13/07/2026 23:40:10 - seg - TMSBENNER - Todas as filiais | S32: 254378934 | T32: Não | U32: 2026/645199-82-892509-1 | V32: PA - FILIAL SPG - GUARULHOS - SP | W32: AEMCE | Z32: PA - SCHADEK - PORTO FELIZ - SP | AA32: Aguardando Distribuição | AB32: 382.99 | AC32: 1 | AD32: 1.4424 | AE32: 35260760851417000190550010008925091736584153 | AF32: 46211.86 | AG32: 40974 | AH32: 46216.915 | AI32: METALURGICA SCHADEK LTDA | AJ32: Transferência | AK32: 2026/645199-82 | AL32: 35260760851417000190550010008925091736584153 | AM32: No Prazo | AN32: 114 | AO32: Outbound | AP32: 60.851.417/0001-90 | AQ32: 46216 | AR32: 97 | AS32: 46216.985 | AU32: 60.851.417/0001-90 | AV32: SP | AW32: Porto Feliz | AX32: Carlos Magalhaes | AY32: 18547-216 | AZ32: Jardim Bela Vista | BA32: METALURGICA SCHADEK LTDA | BB32: Sitio Paecara (Vicente De Carvalho | BC32: 35260700233065000187572110000409741000409742 | BE32: METALURGICA SCHADEK LTDA | BF32: 4 | BG32: Não | BI32: 46210 | BJ32: 11460-000 | BK32: PA - FILIAL SPG - GUARULHOS - SP | BL32: 0080789289 | BM32: 1.4424 | BN32: 1.202 | BQ32: PA - FILIAL SPG - GUARULHOS - SP | BS32: Aguardando Distribuição | BU32: Santos Dumont,640 | BW32: Finalizada | BY32: NÃO | CB32: CADASTRAR | CC32: SPG | CD32: SPG | CE32: PA - FILIAL SPG - GUARULHOS - SP | CF32: SPG
A33: Rota 37 | B33: METALURGICA SCHADEK LTDA | C33: 892248 | D33: 1 | E33: Rialan Litoral Comercio De Autopecas Ltda | F33: - | G33: 11.402.660/0001-15 | H33: SP | I33: Cubatão | J33: 11533-040 | K33: VANDERLEY TRANSPORTES EIRELI | L33: 46218 | M33: D0 | N33: N | P33: CHEGADA DHL | Q33: 46216.985 | R33: 13/07/2026 23:40:09 - seg - TMSBENNER - Todas as filiais | S33: 254378384 | T33: Não | U33: 2026/645199-82-892248-1 | V33: PA - FILIAL SPG - GUARULHOS - SP | W33: AEMCE | Z33: PA - SCHADEK - PORTO FELIZ - SP | AA33: Aguardando Distribuição | AB33: 4576.08 | AC33: 5 | AD33: 120.72 | AE33: 35260760851417000190550010008922481908573857 | AF33: 46211.86 | AG33: 41079 | AH33: 46216.915 | AI33: METALURGICA SCHADEK LTDA | AJ33: Transferência | AK33: 2026/645199-82 | AL33: 35260760851417000190550010008922481908573857 | AM33: No Prazo | AN33: 115 | AO33: Outbound | AP33: 60.851.417/0001-90 | AQ33: 46216 | AR33: 97 | AS33: 46216.985 | AU33: 60.851.417/0001-90 | AV33: SP | AW33: Porto Feliz | AX33: Carlos Magalhaes | AY33: 18547-216 | AZ33: Jardim Bela Vista | BA33: METALURGICA SCHADEK LTDA | BB33: Parque Sao Luis | BC33: 35260700233065000187572110000410791000410793 | BE33: METALURGICA SCHADEK LTDA | BF33: 4 | BG33: Não | BI33: 46210 | BJ33: 11533-040 | BK33: PA - FILIAL SPG - GUARULHOS - SP | BL33: 0080791260 | BM33: 120.72 | BN33: 100.6 | BQ33: PA - FILIAL SPG - GUARULHOS - SP | BS33: Aguardando Distribuição | BU33: Estados Unidos,40 | BW33: Finalizada | BY33: NÃO | CB33: CADASTRAR | CC33: SPG | CD33: SPG | CE33: PA - FILIAL SPG - GUARULHOS - SP | CF33: SPG
A34: Rota 37 | B34: METALURGICA SCHADEK LTDA | C34: 892247 | D34: 1 | E34: Rialan Litoral Comercio De Autopecas Ltda | F34: - | G34: 11.402.660/0001-15 | H34: SP | I34: Cubatão | J34: 11533-040 | K34: VANDERLEY TRANSPORTES EIRELI | L34: 46218 | M34: D0 | N34: N | P34: CHEGADA DHL | Q34: 46216.985 | R34: 13/07/2026 23:40:09 - seg - TMSBENNER - Todas as filiais | S34: 254378387 | T34: Não | U34: 2026/645199-82-892247-1 | V34: PA - FILIAL SPG - GUARULHOS - SP | W34: AEMCE | Z34: PA - SCHADEK - PORTO FELIZ - SP | AA34: Aguardando Distribuição | AB34: 2160.75 | AC34: 2 | AD34: 40.224 | AE34: 35260760851417000190550010008922471086564964 | AF34: 46211.86 | AG34: 41079 | AH34: 46216.915 | AI34: METALURGICA SCHADEK LTDA | AJ34: Transferência | AK34: 2026/645199-82 | AL34: 35260760851417000190550010008922471086564964 | AM34: No Prazo | AN34: 115 | AO34: Outbound | AP34: 60.851.417/0001-90 | AQ34: 46216 | AR34: 97 | AS34: 46216.985 | AU34: 60.851.417/0001-90 | AV34: SP | AW34: Porto Feliz | AX34: Carlos Magalhaes | AY34: 18547-216 | AZ34: Jardim Bela Vista | BA34: METALURGICA SCHADEK LTDA | BB34: Parque Sao Luis | BC34: 35260700233065000187572110000410791000410793 | BE34: METALURGICA SCHADEK LTDA | BF34: 4 | BG34: Não | BI34: 46210 | BJ34: 11533-040 | BK34: PA - FILIAL SPG - GUARULHOS - SP | BL34: 0080790407 | BM34: 40.224 | BN34: 33.52 | BQ34: PA - FILIAL SPG - GUARULHOS - SP | BS34: Aguardando Distribuição | BU34: Estados Unidos,40 | BW34: Finalizada | BY34: NÃO | CB34: CADASTRAR | CC34: SPG | CD34: SPG | CE34: PA - FILIAL SPG - GUARULHOS - SP | CF34: SPG
A35: H 701 DHL | B35: HONDA AUTOMOVEIS BRASIL LTDA | C35: 5968999 | D35: 0 | E35: Sampa Motors Ltda | F35: - | G35: 08.971.297/0001-44 | H35: SP | I35: São Paulo | J35: 02924-000 | K35: ROBERTO REGES DE SOUZA | L35: 46218.12 | M35: D0 | N35: N | P35: EMBARCADO | Q35: 46217.255 | R35: EMBARCADO | S35: 254480375 | T35: Não | U35: 2026/650571-207-5968999-0 | V35: PA - FILIAL SPG - GUARULHOS - SP | W35: AEMCE | Z35: PA - HONDA AUTOMOVEIS - SUMARE - SP | AA35: Em Transferência | AB35: 458.22 | AC35: 1 | AD35: 3.9375 | AE35: 35260701192333000394550000059689991290098818 | AF35: 46217.12 | AG35: 76992 | AH35: 46217.255 | AI35: HONDA AUTOMOVEIS BRASIL LTDA | AJ35: Transferência | AK35: 2026/650571-207 | AL35: 35260701192333000394550000059689991290098818 | AM35: No Prazo | AN35: 29 | AO35: Outbound | AP35: 01.192.333/0003-94 | AR35: 0 | AU35: 01.192.333/0003-94 | AV35: SP | AW35: Sumaré | AX35: Municipal Valencio Calegari | AY35: 13181-903 | AZ35: Nova Veneza | BA35: HONDA AUTOMOVEIS DO BRASIL LTDA | BB35: Pirituba | BC35: 35260700233065000187572100000769921000769927 | BE35: HONDA AUTOMOVEIS DO BRASIL LTDA | BF35: 4 | BG35: Não | BI35: 46211 | BJ35: 02924-000 | BK35: PA - HONDA AUTOMOVEIS - SUMARE - SP | BM35: 0.875 | BN35: 0.875 | BQ35: PA - FILIAL SPG - GUARULHOS - SP | BS35: Em Transferência | BU35: General Edgar Faco,441 | BW35: Em Trânsito | BY35: NÃO | CB35: HON | CC35: HON | CD35: SPG | CE35: PA - FILIAL SPG - GUARULHOS - SP | CF35: SPG
A36: H 701 DHL | B36: HONDA AUTOMOVEIS BRASIL LTDA | C36: 5972211 | D36: 0 | E36: Sampa Motors Ltda | F36: - | G36: 08.971.297/0001-44 | H36: SP | I36: São Paulo | J36: 02924-000 | K36: ROBERTO REGES DE SOUZA | L36: 46218.12 | M36: D0 | N36: N | P36: EMBARCADO | Q36: 46217.255 | R36: EMBARCADO | S36: 254683773 | T36: Não | U36: 2026/650571-207-5972211-0 | V36: PA - FILIAL SPG - GUARULHOS - SP | W36: AEMCE | Z36: PA - HONDA AUTOMOVEIS - SUMARE - SP | AA36: Em Transferência | AB36: 756.77 | AC36: 1 | AD36: 5.31 | AE36: 35260701192333000394550000059722111290214868 | AF36: 46217.12 | AG36: 76992 | AH36: 46217.255 | AI36: HONDA AUTOMOVEIS BRASIL LTDA | AJ36: Transferência | AK36: 2026/650571-207 | AL36: 35260701192333000394550000059722111290214868 | AM36: No Prazo | AN36: 29 | AO36: Outbound | AP36: 01.192.333/0003-94 | AR36: 0 | AU36: 01.192.333/0003-94 | AV36: SP | AW36: Sumaré | AX36: Municipal Valencio Calegari | AY36: 13181-903 | AZ36: Nova Veneza | BA36: HONDA AUTOMOVEIS DO BRASIL LTDA | BB36: Pirituba | BC36: 35260700233065000187572100000769921000769927 | BE36: HONDA AUTOMOVEIS DO BRASIL LTDA | BF36: 4 | BG36: Não | BI36: 46216 | BJ36: 02924-000 | BK36: PA - HONDA AUTOMOVEIS - SUMARE - SP | BM36: 1.18 | BN36: 1.18 | BQ36: PA - FILIAL SPG - GUARULHOS - SP | BS36: Em Transferência | BU36: General Edgar Faco,441 | BW36: Em Trânsito | BY36: NÃO | CB36: HON | CC36: HON | CD36: SPG | CE36: PA - FILIAL SPG - GUARULHOS - SP | CF36: SPG
A37: H 701 DHL | B37: HONDA AUTOMOVEIS BRASIL LTDA | C37: 5972570 | D37: 0 | E37: Sampa Motors Ltda | F37: - | G37: 08.971.297/0001-44 | H37: SP | I37: São Paulo | J37: 02924-000 | K37: ROBERTO REGES DE SOUZA | L37: 46218.12 | M37: D0 | N37: N | P37: EMBARCADO | Q37: 46217.255 | R37: EMBARCADO | S37: 254741848 | T37: Não | U37: 2026/650571-207-5972570-0 | V37: PA - FILIAL SPG - GUARULHOS - SP | W37: AEMCE | Z37: PA - HONDA AUTOMOVEIS - SUMARE - SP | AA37: Em Transferência | AB37: 46585.29 | AC37: 34 | AD37: 1654.0245 | AE37: 35260701192333000394550000059725701290232413 | AF37: 46217.12 | AG37: 76992 | AH37: 46217.255 | AI37: HONDA AUTOMOVEIS BRASIL LTDA | AJ37: Transferência | AK37: 2026/650571-207 | AL37: 35260701192333000394550000059725701290232413 | AM37: No Prazo | AN37: 29 | AO37: Outbound | AP37: 01.192.333/0003-94 | AR37: 0 | AU37: 01.192.333/0003-94 | AV37: SP | AW37: Sumaré | AX37: Municipal Valencio Calegari | AY37: 13181-903 | AZ37: Nova Veneza | BA37: HONDA AUTOMOVEIS DO BRASIL LTDA | BB37: Pirituba | BC37: 35260700233065000187572100000769921000769927 | BE37: HONDA AUTOMOVEIS DO BRASIL LTDA | BF37: 4 | BG37: Não | BI37: 46216 | BJ37: 02924-000 | BK37: PA - HONDA AUTOMOVEIS - SUMARE - SP | BM37: 367.561 | BN37: 367.561 | BQ37: PA - FILIAL SPG - GUARULHOS - SP | BS37: Em Transferência | BU37: General Edgar Faco,441 | BW37: Em Trânsito | BY37: NÃO | CB37: HON | CC37: HON | CD37: SPG | CE37: PA - FILIAL SPG - GUARULHOS - SP | CF37: SPG
A38: H 701 DHL | B38: HONDA AUTOMOVEIS BRASIL LTDA | C38: 5972572 | D38: 0 | E38: Sampa Motors Ltda | F38: - | G38: 08.971.297/0001-44 | H38: SP | I38: São Paulo | J38: 02924-000 | K38: ROBERTO REGES DE SOUZA | L38: 46218.12 | M38: D0 | N38: N | P38: EMBARCADO | Q38: 46217.255 | R38: EMBARCADO | S38: 254741852 | T38: Não | U38: 2026/650571-207-5972572-0 | V38: PA - FILIAL SPG - GUARULHOS - SP | W38: AEMCE | Z38: PA - HONDA AUTOMOVEIS - SUMARE - SP | AA38: Em Transferência | AB38: 1781.21 | AC38: 4 | AD38: 89.28 | AE38: 35260701192333000394550000059725721290232434 | AF38: 46217.12 | AG38: 76992 | AH38: 46217.255 | AI38: HONDA AUTOMOVEIS BRASIL LTDA | AJ38: Transferência | AK38: 2026/650571-207 | AL38: 35260701192333000394550000059725721290232434 | AM38: No Prazo | AN38: 29 | AO38: Outbound | AP38: 01.192.333/0003-94 | AR38: 0 | AU38: 01.192.333/0003-94 | AV38: SP | AW38: Sumaré | AX38: Municipal Valencio Calegari | AY38: 13181-903 | AZ38: Nova Veneza | BA38: HONDA AUTOMOVEIS DO BRASIL LTDA | BB38: Pirituba | BC38: 35260700233065000187572100000769921000769927 | BE38: HONDA AUTOMOVEIS DO BRASIL LTDA | BF38: 4 | BG38: Não | BI38: 46216 | BJ38: 02924-000 | BK38: PA - HONDA AUTOMOVEIS - SUMARE - SP | BM38: 19.84 | BN38: 19.84 | BQ38: PA - FILIAL SPG - GUARULHOS - SP | BS38: Em Transferência | BU38: General Edgar Faco,441 | BW38: Em Trânsito | BY38: NÃO | CB38: HON | CC38: HON | CD38: SPG | CE38: PA - FILIAL SPG - GUARULHOS - SP | CF38: SPG
A39: H 701 DHL | B39: HONDA AUTOMOVEIS BRASIL LTDA | C39: 5972571 | D39: 0 | E39: Sampa Motors Ltda | F39: - | G39: 08.971.297/0001-44 | H39: SP | I39: São Paulo | J39: 02924-000 | K39: ROBERTO REGES DE SOUZA | L39: 46218.12 | M39: D0 | N39: N | P39: EMBARCADO | Q39: 46217.255 | R39: EMBARCADO | S39: 254742222 | T39: Não | U39: 2026/650571-207-5972571-0 | V39: PA - FILIAL SPG - GUARULHOS - SP | W39: AEMCE | X39: 5972570 | Z39: PA - HONDA AUTOMOVEIS - SUMARE - SP | AA39: Em Transferência | AB39: 5619.97 | AC39: 0 | AD39: 0 | AE39: 35260701192333000394550000059725711290232429 | AF39: 46217.12 | AG39: 76992 | AH39: 46217.255 | AI39: HONDA AUTOMOVEIS BRASIL LTDA | AJ39: Transferência | AK39: 2026/650571-207 | AL39: 35260701192333000394550000059725711290232429 | AM39: No Prazo | AN39: 29 | AO39: Outbound | AP39: 01.192.333/0003-94 | AR39: 0 | AU39: 01.192.333/0003-94 | AV39: SP | AW39: Sumaré | AX39: Municipal Valencio Calegari | AY39: 13181-903 | AZ39: Nova Veneza | BA39: HONDA AUTOMOVEIS DO BRASIL LTDA | BB39: Pirituba | BC39: 35260700233065000187572100000769921000769927 | BE39: HONDA AUTOMOVEIS DO BRASIL LTDA | BF39: 4 | BG39: Não | BI39: 46216 | BJ39: 02924-000 | BK39: PA - HONDA AUTOMOVEIS - SUMARE - SP | BL39: 5972570 | BM39: 0 | BN39: 0 | BQ39: PA - FILIAL SPG - GUARULHOS - SP | BS39: Em Transferência | BU39: General Edgar Faco,441 | BW39: Em Trânsito | BY39: NÃO | CB39: HON | CC39: HON | CD39: SPG | CE39: PA - FILIAL SPG - GUARULHOS - SP | CF39: SPG
A40: H 701 DHL | B40: HONDA AUTOMOVEIS BRASIL LTDA | C40: 5972573 | D40: 0 | E40: Sampa Motors Ltda | F40: - | G40: 08.971.297/0001-44 | H40: SP | I40: São Paulo | J40: 02924-000 | K40: ROBERTO REGES DE SOUZA | L40: 46218.12 | M40: D0 | N40: N | P40: EMBARCADO | Q40: 46217.255 | R40: EMBARCADO | S40: 254742254 | T40: Não | U40: 2026/650571-207-5972573-0 | V40: PA - FILIAL SPG - GUARULHOS - SP | W40: AEMCE | X40: 5972572 | Z40: PA - HONDA AUTOMOVEIS - SUMARE - SP | AA40: Em Transferência | AB40: 2933.19 | AC40: 0 | AD40: 0 | AE40: 35260701192333000394550000059725731290232440 | AF40: 46217.12 | AG40: 76992 | AH40: 46217.255 | AI40: HONDA AUTOMOVEIS BRASIL LTDA | AJ40: Transferência | AK40: 2026/650571-207 | AL40: 35260701192333000394550000059725731290232440 | AM40: No Prazo | AN40: 29 | AO40: Outbound | AP40: 01.192.333/0003-94 | AR40: 0 | AU40: 01.192.333/0003-94 | AV40: SP | AW40: Sumaré | AX40: Municipal Valencio Calegari | AY40: 13181-903 | AZ40: Nova Veneza | BA40: HONDA AUTOMOVEIS DO BRASIL LTDA | BB40: Pirituba | BC40: 35260700233065000187572100000769921000769927 | BE40: HONDA AUTOMOVEIS DO BRASIL LTDA | BF40: 4 | BG40: Não | BI40: 46216 | BJ40: 02924-000 | BK40: PA - HONDA AUTOMOVEIS - SUMARE - SP | BL40: 5972572 | BM40: 0 | BN40: 0 | BQ40: PA - FILIAL SPG - GUARULHOS - SP | BS40: Em Transferência | BU40: General Edgar Faco,441 | BW40: Em Trânsito | BY40: NÃO | CB40: HON | CC40: HON | CD40: SPG | CE40: PA - FILIAL SPG - GUARULHOS - SP | CF40: SPG
A41: H 701 DHL | B41: HONDA AUTOMOVEIS BRASIL LTDA | C41: 5972589 | D41: 0 | E41: Sampa Motors Ltda | F41: - | G41: 08.971.297/0001-44 | H41: SP | I41: São Paulo | J41: 02924-000 | K41: ROBERTO REGES DE SOUZA | L41: 46218.12 | M41: D0 | N41: N | P41: EMBARCADO | Q41: 46217.255 | R41: EMBARCADO | S41: 254742721 | T41: Não | U41: 2026/650571-207-5972589-0 | V41: PA - FILIAL SPG - GUARULHOS - SP | W41: AEMCE | Z41: PA - HONDA AUTOMOVEIS - SUMARE - SP | AA41: Em Transferência | AB41: 36172.55 | AC41: 35 | AD41: 652.6755 | AE41: 35260701192333000394550000059725891290232644 | AF41: 46217.12 | AG41: 76992 | AH41: 46217.255 | AI41: HONDA AUTOMOVEIS BRASIL LTDA | AJ41: Transferência | AK41: 2026/650571-207 | AL41: 35260701192333000394550000059725891290232644 | AM41: No Prazo | AN41: 29 | AO41: Outbound | AP41: 01.192.333/0003-94 | AR41: 0 | AU41: 01.192.333/0003-94 | AV41: SP | AW41: Sumaré | AX41: Municipal Valencio Calegari | AY41: 13181-903 | AZ41: Nova Veneza | BA41: HONDA AUTOMOVEIS DO BRASIL LTDA | BB41: Pirituba | BC41: 35260700233065000187572100000769921000769927 | BE41: HONDA AUTOMOVEIS DO BRASIL LTDA | BF41: 4 | BG41: Não | BI41: 46216 | BJ41: 02924-000 | BK41: PA - HONDA AUTOMOVEIS - SUMARE - SP | BM41: 145.039 | BN41: 145.039 | BQ41: PA - FILIAL SPG - GUARULHOS - SP | BS41: Em Transferência | BU41: General Edgar Faco,441 | BW41: Em Trânsito | BY41: NÃO | CB41: HON | CC41: HON | CD41: SPG | CE41: PA - FILIAL SPG - GUARULHOS - SP | CF41: SPG
A42: H 701 DHL | B42: HONDA AUTOMOVEIS BRASIL LTDA | C42: 5972590 | D42: 0 | E42: Sampa Motors Ltda | F42: - | G42: 08.971.297/0001-44 | H42: SP | I42: São Paulo | J42: 02924-000 | K42: ROBERTO REGES DE SOUZA | L42: 46218.12 | M42: D0 | N42: N | P42: EMBARCADO | Q42: 46217.255 | R42: EMBARCADO | S42: 254742743 | T42: Não | U42: 2026/650571-207-5972590-0 | V42: PA - FILIAL SPG - GUARULHOS - SP | W42: AEMCE | X42: 5972589 | Z42: PA - HONDA AUTOMOVEIS - SUMARE - SP | AA42: Em Transferência | AB42: 1144 | AC42: 0 | AD42: 0 | AE42: 35260701192333000394550000059725901290232653 | AF42: 46217.12 | AG42: 76992 | AH42: 46217.255 | AI42: HONDA AUTOMOVEIS BRASIL LTDA | AJ42: Transferência | AK42: 2026/650571-207 | AL42: 35260701192333000394550000059725901290232653 | AM42: No Prazo | AN42: 29 | AO42: Outbound | AP42: 01.192.333/0003-94 | AR42: 0 | AU42: 01.192.333/0003-94 | AV42: SP | AW42: Sumaré | AX42: Municipal Valencio Calegari | AY42: 13181-903 | AZ42: Nova Veneza | BA42: HONDA AUTOMOVEIS DO BRASIL LTDA | BB42: Pirituba | BC42: 35260700233065000187572100000769921000769927 | BE42: HONDA AUTOMOVEIS DO BRASIL LTDA | BF42: 4 | BG42: Não | BI42: 46216 | BJ42: 02924-000 | BK42: PA - HONDA AUTOMOVEIS - SUMARE - SP | BL42: 5972589 | BM42: 0 | BN42: 0 | BQ42: PA - FILIAL SPG - GUARULHOS - SP | BS42: Em Transferência | BU42: General Edgar Faco,441 | BW42: Em Trânsito | BY42: NÃO | CB42: HON | CC42: HON | CD42: SPG | CE42: PA - FILIAL SPG - GUARULHOS - SP | CF42: SPG
A43: H 703 | B43: HONDA AUTOMOVEIS BRASIL LTDA | C43: 5972007 | D43: 0 | E43: Ascendant Comercio De Veiculos Ltda | F43: - | G43: 08.250.575/0001-74 | H43: SP | I43: São Paulo | J43: 04795-100 | K43: ROBERTO REGES DE SOUZA | L43: 46218.12 | M43: D0 | N43: N | P43: EMBARCADO | Q43: 46217.255 | R43: EMBARCADO | S43: 254677683 | T43: Não | U43: 2026/650571-207-5972007-0 | V43: PA - FILIAL SPG - GUARULHOS - SP | W43: AEMCE | Z43: PA - HONDA AUTOMOVEIS - SUMARE - SP | AA43: Em Transferência | AB43: 363.94 | AC43: 1 | AD43: 38.25 | AE43: 35260701192333000394550000059720071290210672 | AF43: 46217.12 | AG43: 76994 | AH43: 46217.255 | AI43: HONDA AUTOMOVEIS BRASIL LTDA | AJ43: Transferência | AK43: 2026/650571-207 | AL43: 35260701192333000394550000059720071290210672 | AM43: No Prazo | AN43: 47 | AO43: Outbound | AP43: 01.192.333/0003-94 | AR43: 0 | AU43: 01.192.333/0003-94 | AV43: SP | AW43: Sumaré | AX43: Municipal Valencio Calegari | AY43: 13181-903 | AZ43: Nova Veneza | BA43: HONDA AUTOMOVEIS DO BRASIL LTDA | BB43: Jardim Dom Bosco | BC43: 35260700233065000187572100000769941000769948 | BE43: HONDA AUTOMOVEIS DO BRASIL LTDA | BF43: 4 | BG43: Não | BI43: 46216 | BJ43: 04795-100 | BK43: PA - HONDA AUTOMOVEIS - SUMARE - SP | BM43: 8.5 | BN43: 8.5 | BQ43: PA - FILIAL SPG - GUARULHOS - SP | BS43: Em Transferência | BU43: Das Nacoes Unidas Conj,21621 | BW43: Em Trânsito | BY43: NÃO | CB43: HON | CC43: HON | CD43: SPG | CE43: PA - FILIAL SPG - GUARULHOS - SP | CF43: SPG
A44: H 703 | B44: HONDA AUTOMOVEIS BRASIL LTDA | C44: 5972274 | D44: 0 | E44: Ascendant Comercio De Veiculos Ltda | F44: - | G44: 08.250.575/0001-74 | H44: SP | I44: São Paulo | J44: 04795-100 | K44: ROBERTO REGES DE SOUZA | L44: 46218.12 | M44: D0 | N44: N | P44: EMBARCADO | Q44: 46217.255 | R44: EMBARCADO | S44: 254703533 | T44: Não | U44: 2026/650571-207-5972274-0 | V44: PA - FILIAL SPG - GUARULHOS - SP | W44: AEMCE | Z44: PA - HONDA AUTOMOVEIS - SUMARE - SP | AA44: Em Transferência | AB44: 1459.71 | AC44: 1 | AD44: 17.19 | AE44: 35260701192333000394550000059722741290221422 | AF44: 46217.12 | AG44: 76994 | AH44: 46217.255 | AI44: HONDA AUTOMOVEIS BRASIL LTDA | AJ44: Transferência | AK44: 2026/650571-207 | AL44: 35260701192333000394550000059722741290221422 | AM44: No Prazo | AN44: 47 | AO44: Outbound | AP44: 01.192.333/0003-94 | AR44: 0 | AU44: 01.192.333/0003-94 | AV44: SP | AW44: Sumaré | AX44: Municipal Valencio Calegari | AY44: 13181-903 | AZ44: Nova Veneza | BA44: HONDA AUTOMOVEIS DO BRASIL LTDA | BB44: Jardim Dom Bosco | BC44: 35260700233065000187572100000769941000769948 | BE44: HONDA AUTOMOVEIS DO BRASIL LTDA | BF44: 4 | BG44: Não | BI44: 46216 | BJ44: 04795-100 | BK44: PA - HONDA AUTOMOVEIS - SUMARE - SP | BM44: 3.82 | BN44: 3.82 | BQ44: PA - FILIAL SPG - GUARULHOS - SP | BS44: Em Transferência | BU44: Das Nacoes Unidas Conj,21621 | BW44: Em Trânsito | BY44: NÃO | CB44: HON | CC44: HON | CD44: SPG | CE44: PA - FILIAL SPG - GUARULHOS - SP | CF44: SPG
A45: H 703 | B45: HONDA AUTOMOVEIS BRASIL LTDA | C45: 5972566 | D45: 0 | E45: Ascendant Comercio De Veiculos Ltda | F45: - | G45: 08.250.575/0001-74 | H45: SP | I45: São Paulo | J45: 04795-100 | K45: ROBERTO REGES DE SOUZA | L45: 46218.12 | M45: D0 | N45: N | P45: EMBARCADO | Q45: 46217.255 | R45: EMBARCADO | S45: 254741792 | T45: Não | U45: 2026/650571-207-5972566-0 | V45: PA - FILIAL SPG - GUARULHOS - SP | W45: AEMCE | Z45: PA - HONDA AUTOMOVEIS - SUMARE - SP | AA45: Em Transferência | AB45: 1412.66 | AC45: 2 | AD45: 31.5675 | AE45: 35260701192333000394550000059725661290232372 | AF45: 46217.12 | AG45: 76994 | AH45: 46217.255 | AI45: HONDA AUTOMOVEIS BRASIL LTDA | AJ45: Transferência | AK45: 2026/650571-207 | AL45: 35260701192333000394550000059725661290232372 | AM45: No Prazo | AN45: 47 | AO45: Outbound | AP45: 01.192.333/0003-94 | AR45: 0 | AU45: 01.192.333/0003-94 | AV45: SP | AW45: Sumaré | AX45: Municipal Valencio Calegari | AY45: 13181-903 | AZ45: Nova Veneza | BA45: HONDA AUTOMOVEIS DO BRASIL LTDA | BB45: Jardim Dom Bosco | BC45: 35260700233065000187572100000769941000769948 | BE45: HONDA AUTOMOVEIS DO BRASIL LTDA | BF45: 4 | BG45: Não | BI45: 46216 | BJ45: 04795-100 | BK45: PA - HONDA AUTOMOVEIS - SUMARE - SP | BM45: 7.015 | BN45: 7.015 | BQ45: PA - FILIAL SPG - GUARULHOS - SP | BS45: Em Transferência | BU45: Das Nacoes Unidas Conj,21621 | BW45: Em Trânsito | BY45: NÃO | CB45: HON | CC45: HON | CD45: SPG | CE45: PA - FILIAL SPG - GUARULHOS - SP | CF45: SPG
A46: H 703 | B46: HONDA AUTOMOVEIS BRASIL LTDA | C46: 5972567 | D46: 0 | E46: Ascendant Comercio De Veiculos Ltda | F46: - | G46: 08.250.575/0001-74 | H46: SP | I46: São Paulo | J46: 04795-100 | K46: ROBERTO REGES DE SOUZA | L46: 46218.12 | M46: D0 | N46: N | P46: EMBARCADO | Q46: 46217.255 | R46: EMBARCADO | S46: 254742204 | T46: Não | U46: 2026/650571-207-5972567-0 | V46: PA - FILIAL SPG - GUARULHOS - SP | W46: AEMCE | X46: 5972566 | Z46: PA - HONDA AUTOMOVEIS - SUMARE - SP | AA46: Em Transferência | AB46: 523.9 | AC46: 0 | AD46: 0 | AE46: 35260701192333000394550000059725671290232388 | AF46: 46217.12 | AG46: 76994 | AH46: 46217.255 | AI46: HONDA AUTOMOVEIS BRASIL LTDA | AJ46: Transferência | AK46: 2026/650571-207 | AL46: 35260701192333000394550000059725671290232388 | AM46: No Prazo | AN46: 47 | AO46: Outbound | AP46: 01.192.333/0003-94 | AR46: 0 | AU46: 01.192.333/0003-94 | AV46: SP | AW46: Sumaré | AX46: Municipal Valencio Calegari | AY46: 13181-903 | AZ46: Nova Veneza | BA46: HONDA AUTOMOVEIS DO BRASIL LTDA | BB46: Jardim Dom Bosco | BC46: 35260700233065000187572100000769941000769948 | BE46: HONDA AUTOMOVEIS DO BRASIL LTDA | BF46: 4 | BG46: Não | BI46: 46216 | BJ46: 04795-100 | BK46: PA - HONDA AUTOMOVEIS - SUMARE - SP | BL46: 5972566 | BM46: 0 | BN46: 0 | BQ46: PA - FILIAL SPG - GUARULHOS - SP | BS46: Em Transferência | BU46: Das Nacoes Unidas Conj,21621 | BW46: Em Trânsito | BY46: NÃO | CB46: HON | CC46: HON | CD46: SPG | CE46: PA - FILIAL SPG - GUARULHOS - SP | CF46: SPG
A47: H 703 | B47: HONDA AUTOMOVEIS BRASIL LTDA | C47: 5972693 | D47: 0 | E47: Ascendant Comercio De Veiculos Ltda | F47: - | G47: 08.250.575/0001-74 | H47: SP | I47: São Paulo | J47: 04795-100 | K47: ROBERTO REGES DE SOUZA | L47: 46218.12 | M47: D0 | N47: N | P47: EMBARCADO | Q47: 46217.255 | R47: EMBARCADO | S47: 254750069 | T47: Não | U47: 2026/650571-207-5972693-0 | V47: PA - FILIAL SPG - GUARULHOS - SP | W47: AEMCE | Z47: PA - HONDA AUTOMOVEIS - SUMARE - SP | AA47: Em Transferência | AB47: 151.98 | AC47: 1 | AD47: 2.655 | AE47: 35260701192333000394550000059726931290236613 | AF47: 46217.12 | AG47: 76994 | AH47: 46217.255 | AI47: HONDA AUTOMOVEIS BRASIL LTDA | AJ47: Transferência | AK47: 2026/650571-207 | AL47: 35260701192333000394550000059726931290236613 | AM47: No Prazo | AN47: 47 | AO47: Outbound | AP47: 01.192.333/0003-94 | AR47: 0 | AU47: 01.192.333/0003-94 | AV47: SP | AW47: Sumaré | AX47: Municipal Valencio Calegari | AY47: 13181-903 | AZ47: Nova Veneza | BA47: HONDA AUTOMOVEIS DO BRASIL LTDA | BB47: Jardim Dom Bosco | BC47: 35260700233065000187572100000769941000769948 | BE47: HONDA AUTOMOVEIS DO BRASIL LTDA | BF47: 4 | BG47: Não | BI47: 46216 | BJ47: 04795-100 | BK47: PA - HONDA AUTOMOVEIS - SUMARE - SP | BM47: 0.59 | BN47: 0.59 | BQ47: PA - FILIAL SPG - GUARULHOS - SP | BS47: Em Transferência | BU47: Das Nacoes Unidas Conj,21621 | BW47: Em Trânsito | BY47: NÃO | CB47: HON | CC47: HON | CD47: SPG | CE47: PA - FILIAL SPG - GUARULHOS - SP | CF47: SPG
A48: H 702 | B48: HONDA AUTOMOVEIS BRASIL LTDA | C48: 5972125 | D48: 0 | E48: Cmd Automoveis Ltda Honda Forte | F48: - | G48: 07.023.175/0005-97 | H48: SP | I48: São Paulo | J48: 02054-050 | K48: ROBERTO REGES DE SOUZA | L48: 46218.12 | M48: D0 | N48: N | P48: EMBARCADO | Q48: 46217.255 | R48: EMBARCADO | S48: 254678958 | T48: Não | U48: 2026/650571-207-5972125-0 | V48: PA - FILIAL SPG - GUARULHOS - SP | W48: AEMCE | Z48: PA - HONDA AUTOMOVEIS - SUMARE - SP | AA48: Em Transferência | AB48: 29797.1 | AC48: 27 | AD48: 1149.5025 | AE48: 35260701192333000394550000059721251290212806 | AF48: 46217.12 | AG48: 76995 | AH48: 46217.255 | AI48: HONDA AUTOMOVEIS BRASIL LTDA | AJ48: Transferência | AK48: 2026/650571-207 | AL48: 35260701192333000394550000059721251290212806 | AM48: No Prazo | AN48: 20 | AO48: Outbound | AP48: 01.192.333/0003-94 | AR48: 0 | AU48: 01.192.333/0003-94 | AV48: SP | AW48: Sumaré | AX48: Municipal Valencio Calegari | AY48: 13181-903 | AZ48: Nova Veneza | BA48: HONDA AUTOMOVEIS DO BRASIL LTDA | BB48: Vila Guilherme | BC48: 35260700233065000187572100000769951000769953 | BE48: HONDA AUTOMOVEIS DO BRASIL LTDA | BF48: 4 | BG48: Não | BI48: 46216 | BJ48: 02054-050 | BK48: PA - HONDA AUTOMOVEIS - SUMARE - SP | BM48: 255.445 | BN48: 255.445 | BQ48: PA - FILIAL SPG - GUARULHOS - SP | BS48: Em Transferência | BU48: Henrique Felipe Da Costa,544 | BW48: Em Trânsito | BY48: NÃO | CB48: HON | CC48: HON | CD48: SPG | CE48: PA - FILIAL SPG - GUARULHOS - SP | CF48: SPG
A49: H 702 | B49: HONDA AUTOMOVEIS BRASIL LTDA | C49: 5972414 | D49: 0 | E49: Cmd Automoveis Ltda Honda Forte | F49: - | G49: 07.023.175/0005-97 | H49: SP | I49: São Paulo | J49: 02054-050 | K49: ROBERTO REGES DE SOUZA | L49: 46218.12 | M49: D0 | N49: N | P49: EMBARCADO | Q49: 46217.255 | R49: EMBARCADO | S49: 254735686 | T49: Não | U49: 2026/650571-207-5972414-0 | V49: PA - FILIAL SPG - GUARULHOS - SP | W49: AEMCE | Z49: PA - HONDA AUTOMOVEIS - SUMARE - SP | AA49: Em Transferência | AB49: 2479.69 | AC49: 7 | AD49: 46.6875 | AE49: 35260701192333000394550000059724141290230416 | AF49: 46217.12 | AG49: 76995 | AH49: 46217.255 | AI49: HONDA AUTOMOVEIS BRASIL LTDA | AJ49: Transferência | AK49: 2026/650571-207 | AL49: 35260701192333000394550000059724141290230416 | AM49: No Prazo | AN49: 20 | AO49: Outbound | AP49: 01.192.333/0003-94 | AR49: 0 | AU49: 01.192.333/0003-94 | AV49: SP | AW49: Sumaré | AX49: Municipal Valencio Calegari | AY49: 13181-903 | AZ49: Nova Veneza | BA49: HONDA AUTOMOVEIS DO BRASIL LTDA | BB49: Vila Guilherme | BC49: 35260700233065000187572100000769951000769953 | BE49: HONDA AUTOMOVEIS DO BRASIL LTDA | BF49: 4 | BG49: Não | BI49: 46216 | BJ49: 02054-050 | BK49: PA - HONDA AUTOMOVEIS - SUMARE - SP | BM49: 10.375 | BN49: 10.375 | BQ49: PA - FILIAL SPG - GUARULHOS - SP | BS49: Em Transferência | BU49: Henrique Felipe Da Costa,544 | BW49: Em Trânsito | BY49: NÃO | CB49: HON | CC49: HON | CD49: SPG | CE49: PA - FILIAL SPG - GUARULHOS - SP | CF49: SPG
A50: H 702 | B50: HONDA AUTOMOVEIS BRASIL LTDA | C50: 5972415 | D50: 0 | E50: Cmd Automoveis Ltda Honda Forte | F50: - | G50: 07.023.175/0005-97 | H50: SP | I50: São Paulo | J50: 02054-050 | K50: ROBERTO REGES DE SOUZA | L50: 46218.12 | M50: D0 | N50: N | P50: EMBARCADO | Q50: 46217.255 | R50: EMBARCADO | S50: 254735743 | T50: Não | U50: 2026/650571-207-5972415-0 | V50: PA - FILIAL SPG - GUARULHOS - SP | W50: AEMCE | X50: 5972414 | Z50: PA - HONDA AUTOMOVEIS - SUMARE - SP | AA50: Em Transferência | AB50: 379.08 | AC50: 0 | AD50: 0 | AE50: 35260701192333000394550000059724151290230421 | AF50: 46217.12 | AG50: 76995 | AH50: 46217.255 | AI50: HONDA AUTOMOVEIS BRASIL LTDA | AJ50: Transferência | AK50: 2026/650571-207 | AL50: 35260701192333000394550000059724151290230421 | AM50: No Prazo | AN50: 20 | AO50: Outbound | AP50: 01.192.333/0003-94 | AR50: 0 | AU50: 01.192.333/0003-94 | AV50: SP | AW50: Sumaré | AX50: Municipal Valencio Calegari | AY50: 13181-903 | AZ50: Nova Veneza | BA50: HONDA AUTOMOVEIS DO BRASIL LTDA | BB50: Vila Guilherme | BC50: 35260700233065000187572100000769951000769953 | BE50: HONDA AUTOMOVEIS DO BRASIL LTDA | BF50: 4 | BG50: Não | BI50: 46216 | BJ50: 02054-050 | BK50: PA - HONDA AUTOMOVEIS - SUMARE - SP | BL50: 5972414 | BM50: 0 | BN50: 0 | BQ50: PA - FILIAL SPG - GUARULHOS - SP | BS50: Em Transferência | BU50: Henrique Felipe Da Costa,544 | BW50: Em Trânsito | BY50: NÃO | CB50: HON | CC50: HON | CD50: SPG | CE50: PA - FILIAL SPG - GUARULHOS - SP | CF50: SPG
A51: H 702 | B51: HONDA AUTOMOVEIS BRASIL LTDA | C51: 5972502 | D51: 0 | E51: Cmd Automoveis Ltda Honda Forte | F51: - | G51: 07.023.175/0005-97 | H51: SP | I51: São Paulo | J51: 02054-050 | K51: ROBERTO REGES DE SOUZA | L51: 46218.12 | M51: D0 | N51: N | P51: EMBARCADO | Q51: 46217.255 | R51: EMBARCADO | S51: 254740079 | T51: Não | U51: 2026/650571-207-5972502-0 | V51: PA - FILIAL SPG - GUARULHOS - SP | W51: AEMCE | X51: 5972501 | Z51: PA - HONDA AUTOMOVEIS - SUMARE - SP | AA51: Em Transferência | AB51: 2151.02 | AC51: 0 | AD51: 0 | AE51: 35260701192333000394550000059725021290231433 | AF51: 46217.12 | AG51: 76995 | AH51: 46217.255 | AI51: HONDA AUTOMOVEIS BRASIL LTDA | AJ51: Transferência | AK51: 2026/650571-207 | AL51: 35260701192333000394550000059725021290231433 | AM51: No Prazo | AN51: 20 | AO51: Outbound | AP51: 01.192.333/0003-94 | AR51: 0 | AU51: 01.192.333/0003-94 | AV51: SP | AW51: Sumaré | AX51: Municipal Valencio Calegari | AY51: 13181-903 | AZ51: Nova Veneza | BA51: HONDA AUTOMOVEIS DO BRASIL LTDA | BB51: Vila Guilherme | BC51: 35260700233065000187572100000769951000769953 | BE51: HONDA AUTOMOVEIS DO BRASIL LTDA | BF51: 4 | BG51: Não | BI51: 46216 | BJ51: 02054-050 | BK51: PA - HONDA AUTOMOVEIS - SUMARE - SP | BL51: 5972501 | BM51: 0 | BN51: 0 | BQ51: PA - FILIAL SPG - GUARULHOS - SP | BS51: Em Transferência | BU51: Henrique Felipe Da Costa,544 | BW51: Em Trânsito | BY51: NÃO | CB51: HON | CC51: HON | CD51: SPG | CE51: PA - FILIAL SPG - GUARULHOS - SP | CF51: SPG
A52: H 702 | B52: HONDA AUTOMOVEIS BRASIL LTDA | C52: 5972549 | D52: 0 | E52: Cmd Automoveis Ltda Honda Forte | F52: - | G52: 07.023.175/0005-97 | H52: SP | I52: São Paulo | J52: 02054-050 | K52: ROBERTO REGES DE SOUZA | L52: 46218.12 | M52: D0 | N52: N | P52: EMBARCADO | Q52: 46217.255 | R52: EMBARCADO | S52: 254741811 | T52: Não | U52: 2026/650571-207-5972549-0 | V52: PA - FILIAL SPG - GUARULHOS - SP | W52: AEMCE | Z52: PA - HONDA AUTOMOVEIS - SUMARE - SP | AA52: Em Transferência | AB52: 10299.5 | AC52: 13 | AD52: 467.955 | AE52: 35260701192333000394550000059725491290232185 | AF52: 46217.12 | AG52: 76995 | AH52: 46217.255 | AI52: HONDA AUTOMOVEIS BRASIL LTDA | AJ52: Transferência | AK52: 2026/650571-207 | AL52: 35260701192333000394550000059725491290232185 | AM52: No Prazo | AN52: 20 | AO52: Outbound | AP52: 01.192.333/0003-94 | AR52: 0 | AU52: 01.192.333/0003-94 | AV52: SP | AW52: Sumaré | AX52: Municipal Valencio Calegari | AY52: 13181-903 | AZ52: Nova Veneza | BA52: HONDA AUTOMOVEIS DO BRASIL LTDA | BB52: Vila Guilherme | BC52: 35260700233065000187572100000769951000769953 | BE52: HONDA AUTOMOVEIS DO BRASIL LTDA | BF52: 4 | BG52: Não | BI52: 46216 | BJ52: 02054-050 | BK52: PA - HONDA AUTOMOVEIS - SUMARE - SP | BM52: 103.99 | BN52: 103.99 | BQ52: PA - FILIAL SPG - GUARULHOS - SP | BS52: Em Transferência | BU52: Henrique Felipe Da Costa,544 | BW52: Em Trânsito | BY52: NÃO | CB52: HON | CC52: HON | CD52: SPG | CE52: PA - FILIAL SPG - GUARULHOS - SP | CF52: SPG
A53: H 702 | B53: HONDA AUTOMOVEIS BRASIL LTDA | C53: 5972550 | D53: 0 | E53: Cmd Automoveis Ltda Honda Forte | F53: - | G53: 07.023.175/0005-97 | H53: SP | I53: São Paulo | J53: 02054-050 | K53: ROBERTO REGES DE SOUZA | L53: 46218.12 | M53: D0 | N53: N | P53: EMBARCADO | Q53: 46217.255 | R53: EMBARCADO | S53: 254742248 | T53: Não | U53: 2026/650571-207-5972550-0 | V53: PA - FILIAL SPG - GUARULHOS - SP | W53: AEMCE | X53: 5972549 | Z53: PA - HONDA AUTOMOVEIS - SUMARE - SP | AA53: Em Transferência | AB53: 5948.99 | AC53: 0 | AD53: 0 | AE53: 35260701192333000394550000059725501290232194 | AF53: 46217.12 | AG53: 76995 | AH53: 46217.255 | AI53: HONDA AUTOMOVEIS BRASIL LTDA | AJ53: Transferência | AK53: 2026/650571-207 | AL53: 35260701192333000394550000059725501290232194 | AM53: No Prazo | AN53: 20 | AO53: Outbound | AP53: 01.192.333/0003-94 | AR53: 0 | AU53: 01.192.333/0003-94 | AV53: SP | AW53: Sumaré | AX53: Municipal Valencio Calegari | AY53: 13181-903 | AZ53: Nova Veneza | BA53: HONDA AUTOMOVEIS DO BRASIL LTDA | BB53: Vila Guilherme | BC53: 35260700233065000187572100000769951000769953 | BE53: HONDA AUTOMOVEIS DO BRASIL LTDA | BF53: 4 | BG53: Não | BI53: 46216 | BJ53: 02054-050 | BK53: PA - HONDA AUTOMOVEIS - SUMARE - SP | BL53: 5972549 | BM53: 0 | BN53: 0 | BQ53: PA - FILIAL SPG - GUARULHOS - SP | BS53: Em Transferência | BU53: Henrique Felipe Da Costa,544 | BW53: Em Trânsito | BY53: NÃO | CB53: HON | CC53: HON | CD53: SPG | CE53: PA - FILIAL SPG - GUARULHOS - SP | CF53: SPG
A54: H 702 | B54: HONDA AUTOMOVEIS BRASIL LTDA | C54: 5972694 | D54: 0 | E54: Cmd Automoveis Ltda Honda Forte | F54: - | G54: 07.023.175/0005-97 | H54: SP | I54: São Paulo | J54: 02054-050 | K54: ROBERTO REGES DE SOUZA | L54: 46218.12 | M54: D0 | N54: N | P54: EMBARCADO | Q54: 46217.255 | R54: EMBARCADO | S54: 254750071 | T54: Não | U54: 2026/650571-207-5972694-0 | V54: PA - FILIAL SPG - GUARULHOS - SP | W54: AEMCE | Z54: PA - HONDA AUTOMOVEIS - SUMARE - SP | AA54: Em Transferência | AB54: 5567.81 | AC54: 4 | AD54: 79.3575 | AE54: 35260701192333000394550000059726941290236629 | AF54: 46217.12 | AG54: 76995 | AH54: 46217.255 | AI54: HONDA AUTOMOVEIS BRASIL LTDA | AJ54: Transferência | AK54: 2026/650571-207 | AL54: 35260701192333000394550000059726941290236629 | AM54: No Prazo | AN54: 20 | AO54: Outbound | AP54: 01.192.333/0003-94 | AR54: 0 | AU54: 01.192.333/0003-94 | AV54: SP | AW54: Sumaré | AX54: Municipal Valencio Calegari | AY54: 13181-903 | AZ54: Nova Veneza | BA54: HONDA AUTOMOVEIS DO BRASIL LTDA | BB54: Vila Guilherme | BC54: 35260700233065000187572100000769951000769953 | BE54: HONDA AUTOMOVEIS DO BRASIL LTDA | BF54: 4 | BG54: Não | BI54: 46216 | BJ54: 02054-050 | BK54: PA - HONDA AUTOMOVEIS - SUMARE - SP | BM54: 17.635 | BN54: 17.635 | BQ54: PA - FILIAL SPG - GUARULHOS - SP | BS54: Em Transferência | BU54: Henrique Felipe Da Costa,544 | BW54: Em Trânsito | BY54: NÃO | CB54: HON | CC54: HON | CD54: SPG | CE54: PA - FILIAL SPG - GUARULHOS - SP | CF54: SPG
A55: H 702 | B55: HONDA AUTOMOVEIS BRASIL LTDA | C55: 5972501 | D55: 0 | E55: Cmd Automoveis Ltda Honda Forte | F55: - | G55: 07.023.175/0005-97 | H55: SP | I55: São Paulo | J55: 02054-050 | K55: ROBERTO REGES DE SOUZA | L55: 46218.12 | M55: D0 | N55: N | P55: EMBARCADO | Q55: 46217.255 | R55: EMBARCADO | S55: 254739934 | T55: Não | U55: 2026/650571-207-5972501-0 | V55: PA - FILIAL SPG - GUARULHOS - SP | W55: AEMCE | Z55: PA - HONDA AUTOMOVEIS - SUMARE - SP | AA55: Em Transferência | AB55: 4410.05 | AC55: 5 | AD55: 100.395 | AE55: 35260701192333000394550000059725011290231428 | AF55: 46217.12 | AG55: 76995 | AH55: 46217.255 | AI55: HONDA AUTOMOVEIS BRASIL LTDA | AJ55: Transferência | AK55: 2026/650571-207 | AL55: 35260701192333000394550000059725011290231428 | AM55: No Prazo | AN55: 20 | AO55: Outbound | AP55: 01.192.333/0003-94 | AR55: 0 | AU55: 01.192.333/0003-94 | AV55: SP | AW55: Sumaré | AX55: Municipal Valencio Calegari | AY55: 13181-903 | AZ55: Nova Veneza | BA55: HONDA AUTOMOVEIS DO BRASIL LTDA | BB55: Vila Guilherme | BC55: 35260700233065000187572100000769951000769953 | BE55: HONDA AUTOMOVEIS DO BRASIL LTDA | BF55: 4 | BG55: Não | BI55: 46216 | BJ55: 02054-050 | BK55: PA - HONDA AUTOMOVEIS - SUMARE - SP | BM55: 22.31 | BN55: 22.31 | BQ55: PA - FILIAL SPG - GUARULHOS - SP | BS55: Em Transferência | BU55: Henrique Felipe Da Costa,544 | BW55: Em Trânsito | BY55: NÃO | CB55: HON | CC55: HON | CD55: SPG | CE55: PA - FILIAL SPG - GUARULHOS - SP | CF55: SPG
A56: H 705 | B56: HONDA AUTOMOVEIS BRASIL LTDA | C56: 5972119 | D56: 0 | E56: Cmd Automoveis Ltda | F56: - | G56: 07.023.175/0001-63 | H56: SP | I56: São Paulo | J56: 05314-001 | K56: ROBERTO REGES DE SOUZA | L56: 46218.12 | M56: D0 | N56: N | P56: TRANSFERÊNCIA ENTRE HUBS DHL | Q56: 46217.255 | R56: 14/07/2026 06:08:27 - ter - TMSBENNER - Todas as filiais | S56: 254678972 | T56: Não | U56: 2026/650571-207-5972119-0 | V56: PA - FILIAL SPG - GUARULHOS - SP | W56: AEMCE | Z56: PA - HONDA AUTOMOVEIS - SUMARE - SP | AA56: Em Transferência | AB56: 13618.64 | AC56: 14 | AD56: 216.891 | AE56: 35260701192333000394550000059721191290212744 | AF56: 46217.12 | AG56: 76996 | AH56: 46217.255 | AI56: HONDA AUTOMOVEIS BRASIL LTDA | AJ56: Transferência | AK56: 2026/650571-207 | AL56: 35260701192333000394550000059721191290212744 | AM56: No Prazo | AN56: 53 | AO56: Outbound | AP56: 01.192.333/0003-94 | AR56: 133 | AU56: 01.192.333/0003-94 | AV56: SP | AW56: Sumaré | AX56: Municipal Valencio Calegari | AY56: 13181-903 | AZ56: Nova Veneza | BA56: HONDA AUTOMOVEIS DO BRASIL LTDA | BB56: Vl Leopoldina | BC56: 35260700233065000187572100000769961000769969 | BE56: HONDA AUTOMOVEIS DO BRASIL LTDA | BF56: 4 | BG56: Não | BI56: 46216 | BJ56: 05314-001 | BK56: PA - HONDA AUTOMOVEIS - SUMARE - SP | BM56: 48.198 | BN56: 48.198 | BQ56: PA - FILIAL SPG - GUARULHOS - SP | BS56: Em Transferência | BU56: Dr. Gastao Vidigal,2351 | BW56: Em Trânsito | BY56: NÃO | CB56: HON | CC56: HON | CD56: SPG | CE56: PA - FILIAL SPG - GUARULHOS - SP | CF56: SPG
A57: H 700 | B57: HONDA AUTOMOVEIS BRASIL LTDA | C57: 5972142 | D57: 0 | E57: Abc Motors Ltda | F57: - | G57: 01.979.916/0001-06 | H57: SP | I57: São Caetano do Sul | J57: 09521-040 | K57: ROBERTO REGES DE SOUZA | L57: 46218.12 | M57: D0 | N57: N | P57: EMBARCADO | Q57: 46217.255 | R57: EMBARCADO | S57: 254679385 | T57: Não | U57: 2026/650571-207-5972142-0 | V57: PA - FILIAL SPG - GUARULHOS - SP | W57: AEMCE | Z57: PA - HONDA AUTOMOVEIS - SUMARE - SP | AA57: Em Transferência | AB57: 17235.49 | AC57: 17 | AD57: 644.58 | AE57: 35260701192333000394550000059721421290213153 | AF57: 46217.12 | AG57: 76997 | AH57: 46217.255 | AI57: HONDA AUTOMOVEIS BRASIL LTDA | AJ57: Transferência | AK57: 2026/650571-207 | AL57: 35260701192333000394550000059721421290213153 | AM57: No Prazo | AN57: 95 | AO57: Outbound | AP57: 01.192.333/0003-94 | AR57: 0 | AU57: 01.192.333/0003-94 | AV57: SP | AW57: Sumaré | AX57: Municipal Valencio Calegari | AY57: 13181-903 | AZ57: Nova Veneza | BA57: HONDA AUTOMOVEIS DO BRASIL LTDA | BB57: Centro | BC57: 35260700233065000187572100000769971000769974 | BE57: HONDA AUTOMOVEIS DO BRASIL LTDA | BF57: 4 | BG57: Não | BI57: 46216 | BJ57: 09521-040 | BK57: PA - HONDA AUTOMOVEIS - SUMARE - SP | BM57: 143.24 | BN57: 143.24 | BQ57: PA - FILIAL SPG - GUARULHOS - SP | BS57: Em Transferência | BU57: Guido Aliberti,331 | BW57: Em Trânsito | BY57: NÃO | CB57: HON | CC57: HON | CD57: SPG | CE57: PA - FILIAL SPG - GUARULHOS - SP | CF57: SPG
A58: H 700 | B58: HONDA AUTOMOVEIS BRASIL LTDA | C58: 5972243 | D58: 0 | E58: Abc Motors Ltda | F58: - | G58: 01.979.916/0001-06 | H58: SP | I58: São Caetano do Sul | J58: 09521-040 | K58: ROBERTO REGES DE SOUZA | L58: 46218.12 | M58: D0 | N58: N | P58: EMBARCADO | Q58: 46217.255 | R58: EMBARCADO | S58: 254689310 | T58: Não | U58: 2026/650571-207-5972243-0 | V58: PA - FILIAL SPG - GUARULHOS - SP | W58: AEMCE | Z58: PA - HONDA AUTOMOVEIS - SUMARE - SP | AA58: Em Transferência | AB58: 794.67 | AC58: 1 | AD58: 7.56 | AE58: 35260701192333000394550000059722431290217038 | AF58: 46217.12 | AG58: 76997 | AH58: 46217.255 | AI58: HONDA AUTOMOVEIS BRASIL LTDA | AJ58: Transferência | AK58: 2026/650571-207 | AL58: 35260701192333000394550000059722431290217038 | AM58: No Prazo | AN58: 95 | AO58: Outbound | AP58: 01.192.333/0003-94 | AR58: 0 | AU58: 01.192.333/0003-94 | AV58: SP | AW58: Sumaré | AX58: Municipal Valencio Calegari | AY58: 13181-903 | AZ58: Nova Veneza | BA58: HONDA AUTOMOVEIS DO BRASIL LTDA | BB58: Centro | BC58: 35260700233065000187572100000769971000769974 | BE58: HONDA AUTOMOVEIS DO BRASIL LTDA | BF58: 4 | BG58: Não | BI58: 46216 | BJ58: 09521-040 | BK58: PA - HONDA AUTOMOVEIS - SUMARE - SP | BM58: 1.68 | BN58: 1.68 | BQ58: PA - FILIAL SPG - GUARULHOS - SP | BS58: Em Transferência | BU58: Guido Aliberti,331 | BW58: Em Trânsito | BY58: NÃO | CB58: HON | CC58: HON | CD58: SPG | CE58: PA - FILIAL SPG - GUARULHOS - SP | CF58: SPG
A59: H 700 | B59: HONDA AUTOMOVEIS BRASIL LTDA | C59: 5972553 | D59: 0 | E59: Abc Motors Ltda | F59: - | G59: 01.979.916/0001-06 | H59: SP | I59: São Caetano do Sul | J59: 09521-040 | K59: ROBERTO REGES DE SOUZA | L59: 46218.12 | M59: D0 | N59: N | P59: EMBARCADO | Q59: 46217.255 | R59: EMBARCADO | S59: 254741823 | T59: Não | U59: 2026/650571-207-5972553-0 | V59: PA - FILIAL SPG - GUARULHOS - SP | W59: AEMCE | Z59: PA - HONDA AUTOMOVEIS - SUMARE - SP | AA59: Em Transferência | AB59: 65645.43 | AC59: 52 | AD59: 1766.61 | AE59: 35260701192333000394550000059725531290232250 | AF59: 46217.12 | AG59: 76997 | AH59: 46217.255 | AI59: HONDA AUTOMOVEIS BRASIL LTDA | AJ59: Transferência | AK59: 2026/650571-207 | AL59: 35260701192333000394550000059725531290232250 | AM59: No Prazo | AN59: 95 | AO59: Outbound | AP59: 01.192.333/0003-94 | AR59: 0 | AU59: 01.192.333/0003-94 | AV59: SP | AW59: Sumaré | AX59: Municipal Valencio Calegari | AY59: 13181-903 | AZ59: Nova Veneza | BA59: HONDA AUTOMOVEIS DO BRASIL LTDA | BB59: Centro | BC59: 35260700233065000187572100000769971000769974 | BE59: HONDA AUTOMOVEIS DO BRASIL LTDA | BF59: 4 | BG59: Não | BI59: 46216 | BJ59: 09521-040 | BK59: PA - HONDA AUTOMOVEIS - SUMARE - SP | BM59: 392.58 | BN59: 392.58 | BQ59: PA - FILIAL SPG - GUARULHOS - SP | BS59: Em Transferência | BU59: Guido Aliberti,331 | BW59: Em Trânsito | BY59: NÃO | CB59: HON | CC59: HON | CD59: SPG | CE59: PA - FILIAL SPG - GUARULHOS - SP | CF59: SPG
A60: H 700 | B60: HONDA AUTOMOVEIS BRASIL LTDA | C60: 5972554 | D60: 0 | E60: Abc Motors Ltda | F60: - | G60: 01.979.916/0001-06 | H60: SP | I60: São Caetano do Sul | J60: 09521-040 | K60: ROBERTO REGES DE SOUZA | L60: 46218.12 | M60: D0 | N60: N | P60: EMBARCADO | Q60: 46217.255 | R60: EMBARCADO | S60: 254742210 | T60: Não | U60: 2026/650571-207-5972554-0 | V60: PA - FILIAL SPG - GUARULHOS - SP | W60: AEMCE | X60: 5972553 | Z60: PA - HONDA AUTOMOVEIS - SUMARE - SP | AA60: Em Transferência | AB60: 10123.37 | AC60: 0 | AD60: 0 | AE60: 35260701192333000394550000059725541290232266 | AF60: 46217.12 | AG60: 76997 | AH60: 46217.255 | AI60: HONDA AUTOMOVEIS BRASIL LTDA | AJ60: Transferência | AK60: 2026/650571-207 | AL60: 35260701192333000394550000059725541290232266 | AM60: No Prazo | AN60: 95 | AO60: Outbound | AP60: 01.192.333/0003-94 | AR60: 0 | AU60: 01.192.333/0003-94 | AV60: SP | AW60: Sumaré | AX60: Municipal Valencio Calegari | AY60: 13181-903 | AZ60: Nova Veneza | BA60: HONDA AUTOMOVEIS DO BRASIL LTDA | BB60: Centro | BC60: 35260700233065000187572100000769971000769974 | BE60: HONDA AUTOMOVEIS DO BRASIL LTDA | BF60: 4 | BG60: Não | BI60: 46216 | BJ60: 09521-040 | BK60: PA - HONDA AUTOMOVEIS - SUMARE - SP | BL60: 5972553 | BM60: 0 | BN60: 0 | BQ60: PA - FILIAL SPG - GUARULHOS - SP | BS60: Em Transferência | BU60: Guido Aliberti,331 | BW60: Em Trânsito | BY60: NÃO | CB60: HON | CC60: HON | CD60: SPG | CE60: PA - FILIAL SPG - GUARULHOS - SP | CF60: SPG
A61: H 700 | B61: HONDA AUTOMOVEIS BRASIL LTDA | C61: 5972555 | D61: 0 | E61: Abc Motors Ltda | F61: - | G61: 01.979.916/0001-06 | H61: SP | I61: São Caetano do Sul | J61: 09521-040 | K61: ROBERTO REGES DE SOUZA | L61: 46218.12 | M61: D0 | N61: N | P61: EMBARCADO | Q61: 46217.255 | R61: EMBARCADO | S61: 254742224 | T61: Não | U61: 2026/650571-207-5972555-0 | V61: PA - FILIAL SPG - GUARULHOS - SP | W61: AEMCE | X61: 5972553 | Z61: PA - HONDA AUTOMOVEIS - SUMARE - SP | AA61: Em Transferência | AB61: 3696.77 | AC61: 0 | AD61: 0 | AE61: 35260701192333000394550000059725551290232271 | AF61: 46217.12 | AG61: 76997 | AH61: 46217.255 | AI61: HONDA AUTOMOVEIS BRASIL LTDA | AJ61: Transferência | AK61: 2026/650571-207 | AL61: 35260701192333000394550000059725551290232271 | AM61: No Prazo | AN61: 95 | AO61: Outbound | AP61: 01.192.333/0003-94 | AR61: 0 | AU61: 01.192.333/0003-94 | AV61: SP | AW61: Sumaré | AX61: Municipal Valencio Calegari | AY61: 13181-903 | AZ61: Nova Veneza | BA61: HONDA AUTOMOVEIS DO BRASIL LTDA | BB61: Centro | BC61: 35260700233065000187572100000769971000769974 | BE61: HONDA AUTOMOVEIS DO BRASIL LTDA | BF61: 4 | BG61: Não | BI61: 46216 | BJ61: 09521-040 | BK61: PA - HONDA AUTOMOVEIS - SUMARE - SP | BL61: 5972553 | BM61: 0 | BN61: 0 | BQ61: PA - FILIAL SPG - GUARULHOS - SP | BS61: Em Transferência | BU61: Guido Aliberti,331 | BW61: Em Trânsito | BY61: NÃO | CB61: HON | CC61: HON | CD61: SPG | CE61: PA - FILIAL SPG - GUARULHOS - SP | CF61: SPG
A62: H 700 | B62: HONDA AUTOMOVEIS BRASIL LTDA | C62: 5972575 | D62: 0 | E62: Abc Motors Ltda | F62: - | G62: 01.979.916/0001-06 | H62: SP | I62: São Caetano do Sul | J62: 09521-040 | K62: ROBERTO REGES DE SOUZA | L62: 46218.12 | M62: D0 | N62: N | P62: EMBARCADO | Q62: 46217.255 | R62: EMBARCADO | S62: 254742590 | T62: Não | U62: 2026/650571-207-5972575-0 | V62: PA - FILIAL SPG - GUARULHOS - SP | W62: AEMCE | Z62: PA - HONDA AUTOMOVEIS - SUMARE - SP | AA62: Em Transferência | AB62: 1007.85 | AC62: 7 | AD62: 87.5205 | AE62: 35260701192333000394550000059725751290232487 | AF62: 46217.12 | AG62: 76997 | AH62: 46217.255 | AI62: HONDA AUTOMOVEIS BRASIL LTDA | AJ62: Transferência | AK62: 2026/650571-207 | AL62: 35260701192333000394550000059725751290232487 | AM62: No Prazo | AN62: 95 | AO62: Outbound | AP62: 01.192.333/0003-94 | AR62: 0 | AU62: 01.192.333/0003-94 | AV62: SP | AW62: Sumaré | AX62: Municipal Valencio Calegari | AY62: 13181-903 | AZ62: Nova Veneza | BA62: HONDA AUTOMOVEIS DO BRASIL LTDA | BB62: Centro | BC62: 35260700233065000187572100000769971000769974 | BE62: HONDA AUTOMOVEIS DO BRASIL LTDA | BF62: 4 | BG62: Não | BI62: 46216 | BJ62: 09521-040 | BK62: PA - HONDA AUTOMOVEIS - SUMARE - SP | BM62: 19.449 | BN62: 19.449 | BQ62: PA - FILIAL SPG - GUARULHOS - SP | BS62: Em Transferência | BU62: Guido Aliberti,331 | BW62: Em Trânsito | BY62: NÃO | CB62: HON | CC62: HON | CD62: SPG | CE62: PA - FILIAL SPG - GUARULHOS - SP | CF62: SPG
A63: H 700 | B63: HONDA AUTOMOVEIS BRASIL LTDA | C63: 5972577 | D63: 0 | E63: Abc Motors Ltda | F63: - | G63: 01.979.916/0001-06 | H63: SP | I63: São Caetano do Sul | J63: 09521-040 | K63: ROBERTO REGES DE SOUZA | L63: 46218.12 | M63: D0 | N63: N | P63: EMBARCADO | Q63: 46217.255 | R63: EMBARCADO | S63: 254742629 | T63: Não | U63: 2026/650571-207-5972577-0 | V63: PA - FILIAL SPG - GUARULHOS - SP | W63: AEMCE | X63: 5972575 | Z63: PA - HONDA AUTOMOVEIS - SUMARE - SP | AA63: Em Transferência | AB63: 850.15 | AC63: 0 | AD63: 0 | AE63: 35260701192333000394550000059725771290232503 | AF63: 46217.12 | AG63: 76997 | AH63: 46217.255 | AI63: HONDA AUTOMOVEIS BRASIL LTDA | AJ63: Transferência | AK63: 2026/650571-207 | AL63: 35260701192333000394550000059725771290232503 | AM63: No Prazo | AN63: 95 | AO63: Outbound | AP63: 01.192.333/0003-94 | AR63: 0 | AU63: 01.192.333/0003-94 | AV63: SP | AW63: Sumaré | AX63: Municipal Valencio Calegari | AY63: 13181-903 | AZ63: Nova Veneza | BA63: HONDA AUTOMOVEIS DO BRASIL LTDA | BB63: Centro | BC63: 35260700233065000187572100000769971000769974 | BE63: HONDA AUTOMOVEIS DO BRASIL LTDA | BF63: 4 | BG63: Não | BI63: 46216 | BJ63: 09521-040 | BK63: PA - HONDA AUTOMOVEIS - SUMARE - SP | BL63: 5972575 | BM63: 0 | BN63: 0 | BQ63: PA - FILIAL SPG - GUARULHOS - SP | BS63: Em Transferência | BU63: Guido Aliberti,331 | BW63: Em Trânsito | BY63: NÃO | CB63: HON | CC63: HON | CD63: SPG | CE63: PA - FILIAL SPG - GUARULHOS - SP | CF63: SPG
A64: H 700 | B64: HONDA AUTOMOVEIS BRASIL LTDA | C64: 5972576 | D64: 0 | E64: Abc Motors Ltda | F64: - | G64: 01.979.916/0001-06 | H64: SP | I64: São Caetano do Sul | J64: 09521-040 | K64: ROBERTO REGES DE SOUZA | L64: 46218.12 | M64: D0 | N64: N | P64: EMBARCADO | Q64: 46217.255 | R64: EMBARCADO | S64: 254742632 | T64: Não | U64: 2026/650571-207-5972576-0 | V64: PA - FILIAL SPG - GUARULHOS - SP | W64: AEMCE | X64: 5972575 | Z64: PA - HONDA AUTOMOVEIS - SUMARE - SP | AA64: Em Transferência | AB64: 1446.77 | AC64: 0 | AD64: 0 | AE64: 35260701192333000394550000059725761290232492 | AF64: 46217.12 | AG64: 76997 | AH64: 46217.255 | AI64: HONDA AUTOMOVEIS BRASIL LTDA | AJ64: Transferência | AK64: 2026/650571-207 | AL64: 35260701192333000394550000059725761290232492 | AM64: No Prazo | AN64: 95 | AO64: Outbound | AP64: 01.192.333/0003-94 | AR64: 0 | AU64: 01.192.333/0003-94 | AV64: SP | AW64: Sumaré | AX64: Municipal Valencio Calegari | AY64: 13181-903 | AZ64: Nova Veneza | BA64: HONDA AUTOMOVEIS DO BRASIL LTDA | BB64: Centro | BC64: 35260700233065000187572100000769971000769974 | BE64: HONDA AUTOMOVEIS DO BRASIL LTDA | BF64: 4 | BG64: Não | BI64: 46216 | BJ64: 09521-040 | BK64: PA - HONDA AUTOMOVEIS - SUMARE - SP | BL64: 5972575 | BM64: 0 | BN64: 0 | BQ64: PA - FILIAL SPG - GUARULHOS - SP | BS64: Em Transferência | BU64: Guido Aliberti,331 | BW64: Em Trânsito | BY64: NÃO | CB64: HON | CC64: HON | CD64: SPG | CE64: PA - FILIAL SPG - GUARULHOS - SP | CF64: SPG
A65: H 700 | B65: HONDA AUTOMOVEIS BRASIL LTDA | C65: 5972586 | D65: 0 | E65: Abc Motors Ltda | F65: - | G65: 01.979.916/0001-06 | H65: SP | I65: São Caetano do Sul | J65: 09521-040 | K65: ROBERTO REGES DE SOUZA | L65: 46218.12 | M65: D0 | N65: N | P65: EMBARCADO | Q65: 46217.255 | R65: EMBARCADO | S65: 254742726 | T65: Não | U65: 2026/650571-207-5972586-0 | V65: PA - FILIAL SPG - GUARULHOS - SP | W65: AEMCE | Z65: PA - HONDA AUTOMOVEIS - SUMARE - SP | AA65: Em Transferência | AB65: 4188.98 | AC65: 4 | AD65: 59.76 | AE65: 35260701192333000394550000059725861290232618 | AF65: 46217.12 | AG65: 76997 | AH65: 46217.255 | AI65: HONDA AUTOMOVEIS BRASIL LTDA | AJ65: Transferência | AK65: 2026/650571-207 | AL65: 35260701192333000394550000059725861290232618 | AM65: No Prazo | AN65: 95 | AO65: Outbound | AP65: 01.192.333/0003-94 | AR65: 0 | AU65: 01.192.333/0003-94 | AV65: SP | AW65: Sumaré | AX65: Municipal Valencio Calegari | AY65: 13181-903 | AZ65: Nova Veneza | BA65: HONDA AUTOMOVEIS DO BRASIL LTDA | BB65: Centro | BC65: 35260700233065000187572100000769971000769974 | BE65: HONDA AUTOMOVEIS DO BRASIL LTDA | BF65: 4 | BG65: Não | BI65: 46216 | BJ65: 09521-040 | BK65: PA - HONDA AUTOMOVEIS - SUMARE - SP | BM65: 13.28 | BN65: 13.28 | BQ65: PA - FILIAL SPG - GUARULHOS - SP | BS65: Em Transferência | BU65: Guido Aliberti,331 | BW65: Em Trânsito | BY65: NÃO | CB65: HON | CC65: HON | CD65: SPG | CE65: PA - FILIAL SPG - GUARULHOS - SP | CF65: SPG
A66: H 708 | B66: HONDA AUTOMOVEIS BRASIL LTDA | C66: 5972202 | D66: 0 | E66: United Auto Nagoya Com De Veiculos | F66: - | G66: 03.962.539/0010-00 | H66: SP | I66: São Paulo | J66: 05724-001 | K66: ROBERTO REGES DE SOUZA | L66: 46218.12 | M66: D0 | N66: N | P66: TRANSFERÊNCIA ENTRE HUBS DHL | Q66: 46217.255 | R66: 14/07/2026 06:08:29 - ter - TMSBENNER - Todas as filiais | S66: 254682709 | T66: Não | U66: 2026/650571-207-5972202-0 | V66: PA - FILIAL SPG - GUARULHOS - SP | W66: AEMCE | Z66: PA - HONDA AUTOMOVEIS - SUMARE - SP | AA66: Em Transferência | AB66: 1003.71 | AC66: 1 | AD66: 26.8875 | AE66: 35260701192333000394550000059722021290214176 | AF66: 46217.12 | AG66: 76999 | AH66: 46217.255 | AI66: HONDA AUTOMOVEIS BRASIL LTDA | AJ66: Transferência | AK66: 2026/650571-207 | AL66: 35260701192333000394550000059722021290214176 | AM66: No Prazo | AN66: 57 | AO66: Outbound | AP66: 01.192.333/0003-94 | AR66: 133 | AU66: 01.192.333/0003-94 | AV66: SP | AW66: Sumaré | AX66: Municipal Valencio Calegari | AY66: 13181-903 | AZ66: Nova Veneza | BA66: HONDA AUTOMOVEIS DO BRASIL LTDA | BB66: Vila Andrade | BC66: 35260700233065000187572100000769991000769995 | BE66: HONDA AUTOMOVEIS DO BRASIL LTDA | BF66: 4 | BG66: Não | BI66: 46216 | BJ66: 05724-001 | BK66: PA - HONDA AUTOMOVEIS - SUMARE - SP | BM66: 5.975 | BN66: 5.975 | BQ66: PA - FILIAL SPG - GUARULHOS - SP | BS66: Em Transferência | BU66: Giovanni Gronchi,3737 | BW66: Em Trânsito | BY66: NÃO | CB66: HON | CC66: HON | CD66: SPG | CE66: PA - FILIAL SPG - GUARULHOS - SP | CF66: SPG
A67: H 708 | B67: HONDA AUTOMOVEIS BRASIL LTDA | C67: 5972405 | D67: 0 | E67: United Auto Nagoya Com De Veiculos | F67: - | G67: 03.962.539/0010-00 | H67: SP | I67: São Paulo | J67: 05724-001 | K67: ROBERTO REGES DE SOUZA | L67: 46218.12 | M67: D0 | N67: N | P67: TRANSFERÊNCIA ENTRE HUBS DHL | Q67: 46217.255 | R67: 14/07/2026 06:08:29 - ter - TMSBENNER - Todas as filiais | S67: 254735608 | T67: Não | U67: 2026/650571-207-5972405-0 | V67: PA - FILIAL SPG - GUARULHOS - SP | W67: AEMCE | Z67: PA - HONDA AUTOMOVEIS - SUMARE - SP | AA67: Em Transferência | AB67: 925.93 | AC67: 1 | AD67: 16.2 | AE67: 35260701192333000394550000059724051290230328 | AF67: 46217.12 | AG67: 76999 | AH67: 46217.255 | AI67: HONDA AUTOMOVEIS BRASIL LTDA | AJ67: Transferência | AK67: 2026/650571-207 | AL67: 35260701192333000394550000059724051290230328 | AM67: No Prazo | AN67: 57 | AO67: Outbound | AP67: 01.192.333/0003-94 | AR67: 133 | AU67: 01.192.333/0003-94 | AV67: SP | AW67: Sumaré | AX67: Municipal Valencio Calegari | AY67: 13181-903 | AZ67: Nova Veneza | BA67: HONDA AUTOMOVEIS DO BRASIL LTDA | BB67: Vila Andrade | BC67: 35260700233065000187572100000769991000769995 | BE67: HONDA AUTOMOVEIS DO BRASIL LTDA | BF67: 4 | BG67: Não | BI67: 46216 | BJ67: 05724-001 | BK67: PA - HONDA AUTOMOVEIS - SUMARE - SP | BM67: 3.6 | BN67: 3.6 | BQ67: PA - FILIAL SPG - GUARULHOS - SP | BS67: Em Transferência | BU67: Giovanni Gronchi,3737 | BW67: Em Trânsito | BY67: NÃO | CB67: HON | CC67: HON | CD67: SPG | CE67: PA - FILIAL SPG - GUARULHOS - SP | CF67: SPG
A68: H 708 | B68: HONDA AUTOMOVEIS BRASIL LTDA | C68: 5972552 | D68: 0 | E68: United Auto Nagoya Com De Veiculos | F68: - | G68: 03.962.539/0010-00 | H68: SP | I68: São Paulo | J68: 05724-001 | K68: ROBERTO REGES DE SOUZA | L68: 46218.12 | M68: D0 | N68: N | P68: TRANSFERÊNCIA ENTRE HUBS DHL | Q68: 46217.255 | R68: 14/07/2026 06:08:29 - ter - TMSBENNER - Todas as filiais | S68: 254741815 | T68: Não | U68: 2026/650571-207-5972552-0 | V68: PA - FILIAL SPG - GUARULHOS - SP | W68: AEMCE | Z68: PA - HONDA AUTOMOVEIS - SUMARE - SP | AA68: Em Transferência | AB68: 3142.72 | AC68: 2 | AD68: 56.8575 | AE68: 35260701192333000394550000059725521290232210 | AF68: 46217.12 | AG68: 76999 | AH68: 46217.255 | AI68: HONDA AUTOMOVEIS BRASIL LTDA | AJ68: Transferência | AK68: 2026/650571-207 | AL68: 35260701192333000394550000059725521290232210 | AM68: No Prazo | AN68: 57 | AO68: Outbound | AP68: 01.192.333/0003-94 | AR68: 133 | AU68: 01.192.333/0003-94 | AV68: SP | AW68: Sumaré | AX68: Municipal Valencio Calegari | AY68: 13181-903 | AZ68: Nova Veneza | BA68: HONDA AUTOMOVEIS DO BRASIL LTDA | BB68: Vila Andrade | BC68: 35260700233065000187572100000769991000769995 | BE68: HONDA AUTOMOVEIS DO BRASIL LTDA | BF68: 4 | BG68: Não | BI68: 46216 | BJ68: 05724-001 | BK68: PA - HONDA AUTOMOVEIS - SUMARE - SP | BM68: 12.635 | BN68: 12.635 | BQ68: PA - FILIAL SPG - GUARULHOS - SP | BS68: Em Transferência | BU68: Giovanni Gronchi,3737 | BW68: Em Trânsito | BY68: NÃO | CB68: HON | CC68: HON | CD68: SPG | CE68: PA - FILIAL SPG - GUARULHOS - SP | CF68: SPG
A69: H 708 | B69: HONDA AUTOMOVEIS BRASIL LTDA | C69: 5972551 | D69: 0 | E69: United Auto Nagoya Com De Veiculos | F69: - | G69: 03.962.539/0010-00 | H69: SP | I69: São Paulo | J69: 05724-001 | K69: ROBERTO REGES DE SOUZA | L69: 46218.12 | M69: D0 | N69: N | P69: TRANSFERÊNCIA ENTRE HUBS DHL | Q69: 46217.255 | R69: 14/07/2026 06:08:29 - ter - TMSBENNER - Todas as filiais | S69: 254741842 | T69: Não | U69: 2026/650571-207-5972551-0 | V69: PA - FILIAL SPG - GUARULHOS - SP | W69: AEMCE | Z69: PA - HONDA AUTOMOVEIS - SUMARE - SP | AA69: Em Transferência | AB69: 511.09 | AC69: 2 | AD69: 5.85 | AE69: 35260701192333000394550000059725511290232205 | AF69: 46217.12 | AG69: 76999 | AH69: 46217.255 | AI69: HONDA AUTOMOVEIS BRASIL LTDA | AJ69: Transferência | AK69: 2026/650571-207 | AL69: 35260701192333000394550000059725511290232205 | AM69: No Prazo | AN69: 57 | AO69: Outbound | AP69: 01.192.333/0003-94 | AR69: 133 | AU69: 01.192.333/0003-94 | AV69: SP | AW69: Sumaré | AX69: Municipal Valencio Calegari | AY69: 13181-903 | AZ69: Nova Veneza | BA69: HONDA AUTOMOVEIS DO BRASIL LTDA | BB69: Vila Andrade | BC69: 35260700233065000187572100000769991000769995 | BE69: HONDA AUTOMOVEIS DO BRASIL LTDA | BF69: 4 | BG69: Não | BI69: 46216 | BJ69: 05724-001 | BK69: PA - HONDA AUTOMOVEIS - SUMARE - SP | BM69: 1.3 | BN69: 1.3 | BQ69: PA - FILIAL SPG - GUARULHOS - SP | BS69: Em Transferência | BU69: Giovanni Gronchi,3737 | BW69: Em Trânsito | BY69: NÃO | CB69: HON | CC69: HON | CD69: SPG | CE69: PA - FILIAL SPG - GUARULHOS - SP | CF69: SPG
A70: H 703 | B70: HONDA AUTOMOVEIS BRASIL LTDA | C70: 5972212 | D70: 0 | E70: Daitan Comercio De Veiculos Ltda | F70: - | G70: 67.375.899/0013-31 | H70: SP | I70: São Paulo | J70: 04045-004 | K70: ROBERTO REGES DE SOUZA | L70: 46218.12 | M70: D0 | N70: N | P70: TRANSFERÊNCIA ENTRE HUBS DHL | Q70: 46217.255 | R70: 14/07/2026 06:08:25 - ter - TMSBENNER - Todas as filiais | S70: 254683809 | T70: Não | U70: 2026/650571-207-5972212-0 | V70: PA - FILIAL SPG - GUARULHOS - SP | W70: AEMCE | Z70: PA - HONDA AUTOMOVEIS - SUMARE - SP | AA70: Em Transferência | AB70: 1005.42 | AC70: 1 | AD70: 2.385 | AE70: 35260701192333000394550000059722121290214873 | AF70: 46217.12 | AG70: 77000 | AH70: 46217.255 | AI70: HONDA AUTOMOVEIS BRASIL LTDA | AJ70: Transferência | AK70: 2026/650571-207 | AL70: 35260701192333000394550000059722121290214873 | AM70: No Prazo | AN70: 40 | AO70: Outbound | AP70: 01.192.333/0003-94 | AR70: 133 | AU70: 01.192.333/0003-94 | AV70: SP | AW70: Sumaré | AX70: Municipal Valencio Calegari | AY70: 13181-903 | AZ70: Nova Veneza | BA70: HONDA AUTOMOVEIS DO BRASIL LTDA | BB70: Jabaquara | BC70: 35260700233065000187572100000770001000770007 | BE70: HONDA AUTOMOVEIS DO BRASIL LTDA | BF70: 4 | BG70: Não | BI70: 46216 | BJ70: 04045-004 | BK70: PA - HONDA AUTOMOVEIS - SUMARE - SP | BM70: 0.53 | BN70: 0.53 | BQ70: PA - FILIAL SPG - GUARULHOS - SP | BS70: Em Transferência | BU70: Jabaquara,2371 | BW70: Em Trânsito | BY70: NÃO | CB70: HON | CC70: HON | CD70: SPG | CE70: PA - FILIAL SPG - GUARULHOS - SP | CF70: SPG
A71: H 703 | B71: HONDA AUTOMOVEIS BRASIL LTDA | C71: 5972342 | D71: 0 | E71: Daitan Comercio De Veiculos Ltda | F71: - | G71: 67.375.899/0013-31 | H71: SP | I71: São Paulo | J71: 04045-004 | K71: ROBERTO REGES DE SOUZA | L71: 46218.12 | M71: D0 | N71: N | P71: TRANSFERÊNCIA ENTRE HUBS DHL | Q71: 46217.255 | R71: 14/07/2026 06:08:25 - ter - TMSBENNER - Todas as filiais | S71: 254722322 | T71: Não | U71: 2026/650571-207-5972342-0 | V71: PA - FILIAL SPG - GUARULHOS - SP | W71: AEMCE | Z71: PA - HONDA AUTOMOVEIS - SUMARE - SP | AA71: Em Transferência | AB71: 2913.37 | AC71: 4 | AD71: 234.81 | AE71: 35260701192333000394550000059723421290225527 | AF71: 46217.12 | AG71: 77000 | AH71: 46217.255 | AI71: HONDA AUTOMOVEIS BRASIL LTDA | AJ71: Transferência | AK71: 2026/650571-207 | AL71: 35260701192333000394550000059723421290225527 | AM71: No Prazo | AN71: 40 | AO71: Outbound | AP71: 01.192.333/0003-94 | AR71: 133 | AU71: 01.192.333/0003-94 | AV71: SP | AW71: Sumaré | AX71: Municipal Valencio Calegari | AY71: 13181-903 | AZ71: Nova Veneza | BA71: HONDA AUTOMOVEIS DO BRASIL LTDA | BB71: Jabaquara | BC71: 35260700233065000187572100000770001000770007 | BE71: HONDA AUTOMOVEIS DO BRASIL LTDA | BF71: 4 | BG71: Não | BI71: 46216 | BJ71: 04045-004 | BK71: PA - HONDA AUTOMOVEIS - SUMARE - SP | BM71: 52.18 | BN71: 52.18 | BQ71: PA - FILIAL SPG - GUARULHOS - SP | BS71: Em Transferência | BU71: Jabaquara,2371 | BW71: Em Trânsito | BY71: NÃO | CB71: HON | CC71: HON | CD71: SPG | CE71: PA - FILIAL SPG - GUARULHOS - SP | CF71: SPG
A72: H 703 | B72: HONDA AUTOMOVEIS BRASIL LTDA | C72: 5972496 | D72: 0 | E72: Daitan Comercio De Veiculos Ltda | F72: - | G72: 67.375.899/0013-31 | H72: SP | I72: São Paulo | J72: 04045-004 | K72: ROBERTO REGES DE SOUZA | L72: 46218.12 | M72: D0 | N72: N | P72: TRANSFERÊNCIA ENTRE HUBS DHL | Q72: 46217.255 | R72: 14/07/2026 06:08:25 - ter - TMSBENNER - Todas as filiais | S72: 254740093 | T72: Não | U72: 2026/650571-207-5972496-0 | V72: PA - FILIAL SPG - GUARULHOS - SP | W72: AEMCE | Z72: PA - HONDA AUTOMOVEIS - SUMARE - SP | AA72: Em Transferência | AB72: 985.14 | AC72: 1 | AD72: 28.44 | AE72: 35260701192333000394550000059724961290231370 | AF72: 46217.12 | AG72: 77000 | AH72: 46217.255 | AI72: HONDA AUTOMOVEIS BRASIL LTDA | AJ72: Transferência | AK72: 2026/650571-207 | AL72: 35260701192333000394550000059724961290231370 | AM72: No Prazo | AN72: 40 | AO72: Outbound | AP72: 01.192.333/0003-94 | AR72: 133 | AU72: 01.192.333/0003-94 | AV72: SP | AW72: Sumaré | AX72: Municipal Valencio Calegari | AY72: 13181-903 | AZ72: Nova Veneza | BA72: HONDA AUTOMOVEIS DO BRASIL LTDA | BB72: Jabaquara | BC72: 35260700233065000187572100000770001000770007 | BE72: HONDA AUTOMOVEIS DO BRASIL LTDA | BF72: 4 | BG72: Não | BI72: 46216 | BJ72: 04045-004 | BK72: PA - HONDA AUTOMOVEIS - SUMARE - SP | BM72: 6.32 | BN72: 6.32 | BQ72: PA - FILIAL SPG - GUARULHOS - SP | BS72: Em Transferência | BU72: Jabaquara,2371 | BW72: Em Trânsito | BY72: NÃO | CB72: HON | CC72: HON | CD72: SPG | CE72: PA - FILIAL SPG - GUARULHOS - SP | CF72: SPG
A73: H 703 | B73: HONDA AUTOMOVEIS BRASIL LTDA | C73: 5972574 | D73: 0 | E73: Daitan Comercio De Veiculos Ltda | F73: - | G73: 67.375.899/0013-31 | H73: SP | I73: São Paulo | J73: 04045-004 | K73: ROBERTO REGES DE SOUZA | L73: 46218.12 | M73: D0 | N73: N | P73: TRANSFERÊNCIA ENTRE HUBS DHL | Q73: 46217.255 | R73: 14/07/2026 06:08:25 - ter - TMSBENNER - Todas as filiais | S73: 254741799 | T73: Não | U73: 2026/650571-207-5972574-0 | V73: PA - FILIAL SPG - GUARULHOS - SP | W73: AEMCE | Z73: PA - HONDA AUTOMOVEIS - SUMARE - SP | AA73: Em Transferência | AB73: 2635.25 | AC73: 2 | AD73: 23.328 | AE73: 35260701192333000394550000059725741290232455 | AF73: 46217.12 | AG73: 77000 | AH73: 46217.255 | AI73: HONDA AUTOMOVEIS BRASIL LTDA | AJ73: Transferência | AK73: 2026/650571-207 | AL73: 35260701192333000394550000059725741290232455 | AM73: No Prazo | AN73: 40 | AO73: Outbound | AP73: 01.192.333/0003-94 | AR73: 133 | AU73: 01.192.333/0003-94 | AV73: SP | AW73: Sumaré | AX73: Municipal Valencio Calegari | AY73: 13181-903 | AZ73: Nova Veneza | BA73: HONDA AUTOMOVEIS DO BRASIL LTDA | BB73: Jabaquara | BC73: 35260700233065000187572100000770001000770007 | BE73: HONDA AUTOMOVEIS DO BRASIL LTDA | BF73: 4 | BG73: Não | BI73: 46216 | BJ73: 04045-004 | BK73: PA - HONDA AUTOMOVEIS - SUMARE - SP | BM73: 5.184 | BN73: 5.184 | BQ73: PA - FILIAL SPG - GUARULHOS - SP | BS73: Em Transferência | BU73: Jabaquara,2371 | BW73: Em Trânsito | BY73: NÃO | CB73: HON | CC73: HON | CD73: SPG | CE73: PA - FILIAL SPG - GUARULHOS - SP | CF73: SPG
A74: H 703 | B74: HONDA AUTOMOVEIS BRASIL LTDA | C74: 5972683 | D74: 0 | E74: Daitan Comercio De Veiculos Ltda | F74: - | G74: 67.375.899/0013-31 | H74: SP | I74: São Paulo | J74: 04045-004 | K74: ROBERTO REGES DE SOUZA | L74: 46218.12 | M74: D0 | N74: N | P74: TRANSFERÊNCIA ENTRE HUBS DHL | Q74: 46217.255 | R74: 14/07/2026 06:08:25 - ter - TMSBENNER - Todas as filiais | S74: 254749955 | T74: Não | U74: 2026/650571-207-5972683-0 | V74: PA - FILIAL SPG - GUARULHOS - SP | W74: AEMCE | Z74: PA - HONDA AUTOMOVEIS - SUMARE - SP | AA74: Em Transferência | AB74: 808.61 | AC74: 3 | AD74: 122.13 | AE74: 35260701192333000394550000059726831290236374 | AF74: 46217.12 | AG74: 77000 | AH74: 46217.255 | AI74: HONDA AUTOMOVEIS BRASIL LTDA | AJ74: Transferência | AK74: 2026/650571-207 | AL74: 35260701192333000394550000059726831290236374 | AM74: No Prazo | AN74: 40 | AO74: Outbound | AP74: 01.192.333/0003-94 | AR74: 133 | AU74: 01.192.333/0003-94 | AV74: SP | AW74: Sumaré | AX74: Municipal Valencio Calegari | AY74: 13181-903 | AZ74: Nova Veneza | BA74: HONDA AUTOMOVEIS DO BRASIL LTDA | BB74: Jabaquara | BC74: 35260700233065000187572100000770001000770007 | BE74: HONDA AUTOMOVEIS DO BRASIL LTDA | BF74: 4 | BG74: Não | BI74: 46216 | BJ74: 04045-004 | BK74: PA - HONDA AUTOMOVEIS - SUMARE - SP | BM74: 27.14 | BN74: 27.14 | BQ74: PA - FILIAL SPG - GUARULHOS - SP | BS74: Em Transferência | BU74: Jabaquara,2371 | BW74: Em Trânsito | BY74: NÃO | CB74: HON | CC74: HON | CD74: SPG | CE74: PA - FILIAL SPG - GUARULHOS - SP | CF74: SPG
A75: H 703 | B75: HONDA AUTOMOVEIS BRASIL LTDA | C75: 5972684 | D75: 0 | E75: Daitan Comercio De Veiculos Ltda | F75: - | G75: 67.375.899/0013-31 | H75: SP | I75: São Paulo | J75: 04045-004 | K75: ROBERTO REGES DE SOUZA | L75: 46218.12 | M75: D0 | N75: N | P75: TRANSFERÊNCIA ENTRE HUBS DHL | Q75: 46217.255 | R75: 14/07/2026 06:08:25 - ter - TMSBENNER - Todas as filiais | S75: 254750053 | T75: Não | U75: 2026/650571-207-5972684-0 | V75: PA - FILIAL SPG - GUARULHOS - SP | W75: AEMCE | X75: 5972683 | Z75: PA - HONDA AUTOMOVEIS - SUMARE - SP | AA75: Em Transferência | AB75: 3628.33 | AC75: 0 | AD75: 0 | AE75: 35260701192333000394550000059726841290236380 | AF75: 46217.12 | AG75: 77000 | AH75: 46217.255 | AI75: HONDA AUTOMOVEIS BRASIL LTDA | AJ75: Transferência | AK75: 2026/650571-207 | AL75: 35260701192333000394550000059726841290236380 | AM75: No Prazo | AN75: 40 | AO75: Outbound | AP75: 01.192.333/0003-94 | AR75: 133 | AU75: 01.192.333/0003-94 | AV75: SP | AW75: Sumaré | AX75: Municipal Valencio Calegari | AY75: 13181-903 | AZ75: Nova Veneza | BA75: HONDA AUTOMOVEIS DO BRASIL LTDA | BB75: Jabaquara | BC75: 35260700233065000187572100000770001000770007 | BE75: HONDA AUTOMOVEIS DO BRASIL LTDA | BF75: 4 | BG75: Não | BI75: 46216 | BJ75: 04045-004 | BK75: PA - HONDA AUTOMOVEIS - SUMARE - SP | BL75: 5972683 | BM75: 0 | BN75: 0 | BQ75: PA - FILIAL SPG - GUARULHOS - SP | BS75: Em Transferência | BU75: Jabaquara,2371 | BW75: Em Trânsito | BY75: NÃO | CB75: HON | CC75: HON | CD75: SPG | CE75: PA - FILIAL SPG - GUARULHOS - SP | CF75: SPG
A76: H 703 | B76: HONDA AUTOMOVEIS BRASIL LTDA | C76: 5972825 | D76: 0 | E76: Daitan Comercio De Veiculos Ltda | F76: - | G76: 67.375.899/0013-31 | H76: SP | I76: São Paulo | J76: 04045-004 | K76: ROBERTO REGES DE SOUZA | L76: 46218.12 | M76: D0 | N76: N | P76: TRANSFERÊNCIA ENTRE HUBS DHL | Q76: 46217.255 | R76: 14/07/2026 06:08:25 - ter - TMSBENNER - Todas as filiais | S76: 254752368 | T76: Não | U76: 2026/650571-207-5972825-0 | V76: PA - FILIAL SPG - GUARULHOS - SP | W76: AEMCE | Z76: PA - HONDA AUTOMOVEIS - SUMARE - SP | AA76: Em Transferência | AB76: 2153.16 | AC76: 2 | AD76: 77.7375 | AE76: 35260701192333000394550000059728251290238536 | AF76: 46217.12 | AG76: 77000 | AH76: 46217.255 | AI76: HONDA AUTOMOVEIS BRASIL LTDA | AJ76: Transferência | AK76: 2026/650571-207 | AL76: 35260701192333000394550000059728251290238536 | AM76: No Prazo | AN76: 40 | AO76: Outbound | AP76: 01.192.333/0003-94 | AR76: 133 | AU76: 01.192.333/0003-94 | AV76: SP | AW76: Sumaré | AX76: Municipal Valencio Calegari | AY76: 13181-903 | AZ76: Nova Veneza | BA76: HONDA AUTOMOVEIS DO BRASIL LTDA | BB76: Jabaquara | BC76: 35260700233065000187572100000770001000770007 | BE76: HONDA AUTOMOVEIS DO BRASIL LTDA | BF76: 4 | BG76: Não | BI76: 46217 | BJ76: 04045-004 | BK76: PA - HONDA AUTOMOVEIS - SUMARE - SP | BM76: 17.275 | BN76: 17.275 | BQ76: PA - FILIAL SPG - GUARULHOS - SP | BS76: Em Transferência | BU76: Jabaquara,2371 | BW76: Em Trânsito | BY76: NÃO | CB76: HON | CC76: HON | CD76: SPG | CE76: PA - FILIAL SPG - GUARULHOS - SP | CF76: SPG
A77: H 703 | B77: HONDA AUTOMOVEIS BRASIL LTDA | C77: 5972250 | D77: 0 | E77: Ascendant Comercio De Veiculos Ltda | F77: - | G77: 08.250.575/0002-55 | H77: SP | I77: São Paulo | J77: 04583-110 | K77: ROBERTO REGES DE SOUZA | L77: 46218.12 | M77: D0 | N77: N | P77: TRANSFERÊNCIA ENTRE HUBS DHL | Q77: 46217.255 | R77: 14/07/2026 06:08:27 - ter - TMSBENNER - Todas as filiais | S77: 254690677 | T77: Não | U77: 2026/650571-207-5972250-0 | V77: PA - FILIAL SPG - GUARULHOS - SP | W77: AEMCE | Z77: PA - HONDA AUTOMOVEIS - SUMARE - SP | AA77: Em Transferência | AB77: 997 | AC77: 1 | AD77: 26.4825 | AE77: 35260701192333000394550000059722501290217806 | AF77: 46217.12 | AG77: 77001 | AH77: 46217.255 | AI77: HONDA AUTOMOVEIS BRASIL LTDA | AJ77: Transferência | AK77: 2026/650571-207 | AL77: 35260701192333000394550000059722501290217806 | AM77: No Prazo | AN77: 45 | AO77: Outbound | AP77: 01.192.333/0003-94 | AR77: 133 | AU77: 01.192.333/0003-94 | AV77: SP | AW77: Sumaré | AX77: Municipal Valencio Calegari | AY77: 13181-903 | AZ77: Nova Veneza | BA77: HONDA AUTOMOVEIS DO BRASIL LTDA | BB77: Vila Cordeiro | BC77: 35260700233065000187572100000770011000770012 | BE77: HONDA AUTOMOVEIS DO BRASIL LTDA | BF77: 4 | BG77: Não | BI77: 46216 | BJ77: 04583-110 | BK77: PA - HONDA AUTOMOVEIS - SUMARE - SP | BM77: 5.885 | BN77: 5.885 | BQ77: PA - FILIAL SPG - GUARULHOS - SP | BS77: Em Transferência | BU77: Avenida Doutor Chucri Zaidan,45 | BW77: Em Trânsito | BY77: NÃO | CB77: HON | CC77: HON | CD77: SPG | CE77: PA - FILIAL SPG - GUARULHOS - SP | CF77: SPG
A78: H 703 | B78: HONDA AUTOMOVEIS BRASIL LTDA | C78: 5972387 | D78: 0 | E78: Ascendant Comercio De Veiculos Ltda | F78: - | G78: 08.250.575/0002-55 | H78: SP | I78: São Paulo | J78: 04583-110 | K78: ROBERTO REGES DE SOUZA | L78: 46218.12 | M78: D0 | N78: N | P78: TRANSFERÊNCIA ENTRE HUBS DHL | Q78: 46217.255 | R78: 14/07/2026 06:08:27 - ter - TMSBENNER - Todas as filiais | S78: 254724181 | T78: Não | U78: 2026/650571-207-5972387-0 | V78: PA - FILIAL SPG - GUARULHOS - SP | W78: AEMCE | Z78: PA - HONDA AUTOMOVEIS - SUMARE - SP | AA78: Em Transferência | AB78: 8088.84 | AC78: 4 | AD78: 164.9025 | AE78: 35260701192333000394550000059723871290229320 | AF78: 46217.12 | AG78: 77001 | AH78: 46217.255 | AI78: HONDA AUTOMOVEIS BRASIL LTDA | AJ78: Transferência | AK78: 2026/650571-207 | AL78: 35260701192333000394550000059723871290229320 | AM78: No Prazo | AN78: 45 | AO78: Outbound | AP78: 01.192.333/0003-94 | AR78: 133 | AU78: 01.192.333/0003-94 | AV78: SP | AW78: Sumaré | AX78: Municipal Valencio Calegari | AY78: 13181-903 | AZ78: Nova Veneza | BA78: HONDA AUTOMOVEIS DO BRASIL LTDA | BB78: Vila Cordeiro | BC78: 35260700233065000187572100000770011000770012 | BE78: HONDA AUTOMOVEIS DO BRASIL LTDA | BF78: 4 | BG78: Não | BI78: 46216 | BJ78: 04583-110 | BK78: PA - HONDA AUTOMOVEIS - SUMARE - SP | BM78: 36.645 | BN78: 36.645 | BQ78: PA - FILIAL SPG - GUARULHOS - SP | BS78: Em Transferência | BU78: Avenida Doutor Chucri Zaidan,45 | BW78: Em Trânsito | BY78: NÃO | CB78: HON | CC78: HON | CD78: SPG | CE78: PA - FILIAL SPG - GUARULHOS - SP | CF78: SPG
A79: H 703 | B79: HONDA AUTOMOVEIS BRASIL LTDA | C79: 5972568 | D79: 0 | E79: Ascendant Comercio De Veiculos Ltda | F79: - | G79: 08.250.575/0002-55 | H79: SP | I79: São Paulo | J79: 04583-110 | K79: ROBERTO REGES DE SOUZA | L79: 46218.12 | M79: D0 | N79: N | P79: TRANSFERÊNCIA ENTRE HUBS DHL | Q79: 46217.255 | R79: 14/07/2026 06:08:27 - ter - TMSBENNER - Todas as filiais | S79: 254741850 | T79: Não | U79: 2026/650571-207-5972568-0 | V79: PA - FILIAL SPG - GUARULHOS - SP | W79: AEMCE | Z79: PA - HONDA AUTOMOVEIS - SUMARE - SP | AA79: Em Transferência | AB79: 9776.47 | AC79: 21 | AD79: 724.392 | AE79: 35260701192333000394550000059725681290232393 | AF79: 46217.12 | AG79: 77001 | AH79: 46217.255 | AI79: HONDA AUTOMOVEIS BRASIL LTDA | AJ79: Transferência | AK79: 2026/650571-207 | AL79: 35260701192333000394550000059725681290232393 | AM79: No Prazo | AN79: 45 | AO79: Outbound | AP79: 01.192.333/0003-94 | AR79: 133 | AU79: 01.192.333/0003-94 | AV79: SP | AW79: Sumaré | AX79: Municipal Valencio Calegari | AY79: 13181-903 | AZ79: Nova Veneza | BA79: HONDA AUTOMOVEIS DO BRASIL LTDA | BB79: Vila Cordeiro | BC79: 35260700233065000187572100000770011000770012 | BE79: HONDA AUTOMOVEIS DO BRASIL LTDA | BF79: 4 | BG79: Não | BI79: 46216 | BJ79: 04583-110 | BK79: PA - HONDA AUTOMOVEIS - SUMARE - SP | BM79: 160.976 | BN79: 160.976 | BQ79: PA - FILIAL SPG - GUARULHOS - SP | BS79: Em Transferência | BU79: Avenida Doutor Chucri Zaidan,45 | BW79: Em Trânsito | BY79: NÃO | CB79: HON | CC79: HON | CD79: SPG | CE79: PA - FILIAL SPG - GUARULHOS - SP | CF79: SPG
A80: H 703 | B80: HONDA AUTOMOVEIS BRASIL LTDA | C80: 5972569 | D80: 0 | E80: Ascendant Comercio De Veiculos Ltda | F80: - | G80: 08.250.575/0002-55 | H80: SP | I80: São Paulo | J80: 04583-110 | K80: ROBERTO REGES DE SOUZA | L80: 46218.12 | M80: D0 | N80: N | P80: TRANSFERÊNCIA ENTRE HUBS DHL | Q80: 46217.255 | R80: 14/07/2026 06:08:27 - ter - TMSBENNER - Todas as filiais | S80: 254742228 | T80: Não | U80: 2026/650571-207-5972569-0 | V80: PA - FILIAL SPG - GUARULHOS - SP | W80: AEMCE | X80: 5972568 | Z80: PA - HONDA AUTOMOVEIS - SUMARE - SP | AA80: Em Transferência | AB80: 20800.97 | AC80: 0 | AD80: 0 | AE80: 35260701192333000394550000059725691290232404 | AF80: 46217.12 | AG80: 77001 | AH80: 46217.255 | AI80: HONDA AUTOMOVEIS BRASIL LTDA | AJ80: Transferência | AK80: 2026/650571-207 | AL80: 35260701192333000394550000059725691290232404 | AM80: No Prazo | AN80: 45 | AO80: Outbound | AP80: 01.192.333/0003-94 | AR80: 133 | AU80: 01.192.333/0003-94 | AV80: SP | AW80: Sumaré | AX80: Municipal Valencio Calegari | AY80: 13181-903 | AZ80: Nova Veneza | BA80: HONDA AUTOMOVEIS DO BRASIL LTDA | BB80: Vila Cordeiro | BC80: 35260700233065000187572100000770011000770012 | BE80: HONDA AUTOMOVEIS DO BRASIL LTDA | BF80: 4 | BG80: Não | BI80: 46216 | BJ80: 04583-110 | BK80: PA - HONDA AUTOMOVEIS - SUMARE - SP | BL80: 5972568 | BM80: 0 | BN80: 0 | BQ80: PA - FILIAL SPG - GUARULHOS - SP | BS80: Em Transferência | BU80: Avenida Doutor Chucri Zaidan,45 | BW80: Em Trânsito | BY80: NÃO | CB80: HON | CC80: HON | CD80: SPG | CE80: PA - FILIAL SPG - GUARULHOS - SP | CF80: SPG
A81: H 703 | B81: HONDA AUTOMOVEIS BRASIL LTDA | C81: 5972602 | D81: 0 | E81: Ascendant Comercio De Veiculos Ltda | F81: - | G81: 08.250.575/0002-55 | H81: SP | I81: São Paulo | J81: 04583-110 | K81: ROBERTO REGES DE SOUZA | L81: 46218.12 | M81: D0 | N81: N | P81: TRANSFERÊNCIA ENTRE HUBS DHL | Q81: 46217.255 | R81: 14/07/2026 06:08:27 - ter - TMSBENNER - Todas as filiais | S81: 254744271 | T81: Não | U81: 2026/650571-207-5972602-0 | V81: PA - FILIAL SPG - GUARULHOS - SP | W81: AEMCE | Z81: PA - HONDA AUTOMOVEIS - SUMARE - SP | AA81: Em Transferência | AB81: 432.01 | AC81: 5 | AD81: 89.109 | AE81: 35260701192333000394550000059726021290233113 | AF81: 46217.12 | AG81: 77001 | AH81: 46217.255 | AI81: HONDA AUTOMOVEIS BRASIL LTDA | AJ81: Transferência | AK81: 2026/650571-207 | AL81: 35260701192333000394550000059726021290233113 | AM81: No Prazo | AN81: 45 | AO81: Outbound | AP81: 01.192.333/0003-94 | AR81: 133 | AU81: 01.192.333/0003-94 | AV81: SP | AW81: Sumaré | AX81: Municipal Valencio Calegari | AY81: 13181-903 | AZ81: Nova Veneza | BA81: HONDA AUTOMOVEIS DO BRASIL LTDA | BB81: Vila Cordeiro | BC81: 35260700233065000187572100000770011000770012 | BE81: HONDA AUTOMOVEIS DO BRASIL LTDA | BF81: 4 | BG81: Não | BI81: 46216 | BJ81: 04583-110 | BK81: PA - HONDA AUTOMOVEIS - SUMARE - SP | BM81: 19.802 | BN81: 19.802 | BQ81: PA - FILIAL SPG - GUARULHOS - SP | BS81: Em Transferência | BU81: Avenida Doutor Chucri Zaidan,45 | BW81: Em Trânsito | BY81: NÃO | CB81: HON | CC81: HON | CD81: SPG | CE81: PA - FILIAL SPG - GUARULHOS - SP | CF81: SPG
A82: H 703 | B82: HONDA AUTOMOVEIS BRASIL LTDA | C82: 5972603 | D82: 0 | E82: Ascendant Comercio De Veiculos Ltda | F82: - | G82: 08.250.575/0002-55 | H82: SP | I82: São Paulo | J82: 04583-110 | K82: ROBERTO REGES DE SOUZA | L82: 46218.12 | M82: D0 | N82: N | P82: TRANSFERÊNCIA ENTRE HUBS DHL | Q82: 46217.255 | R82: 14/07/2026 06:08:27 - ter - TMSBENNER - Todas as filiais | S82: 254744648 | T82: Não | U82: 2026/650571-207-5972603-0 | V82: PA - FILIAL SPG - GUARULHOS - SP | W82: AEMCE | X82: 5972602 | Z82: PA - HONDA AUTOMOVEIS - SUMARE - SP | AA82: Em Transferência | AB82: 4154.11 | AC82: 0 | AD82: 0 | AE82: 35260701192333000394550000059726031290233129 | AF82: 46217.12 | AG82: 77001 | AH82: 46217.255 | AI82: HONDA AUTOMOVEIS BRASIL LTDA | AJ82: Transferência | AK82: 2026/650571-207 | AL82: 35260701192333000394550000059726031290233129 | AM82: No Prazo | AN82: 45 | AO82: Outbound | AP82: 01.192.333/0003-94 | AR82: 133 | AU82: 01.192.333/0003-94 | AV82: SP | AW82: Sumaré | AX82: Municipal Valencio Calegari | AY82: 13181-903 | AZ82: Nova Veneza | BA82: HONDA AUTOMOVEIS DO BRASIL LTDA | BB82: Vila Cordeiro | BC82: 35260700233065000187572100000770011000770012 | BE82: HONDA AUTOMOVEIS DO BRASIL LTDA | BF82: 4 | BG82: Não | BI82: 46216 | BJ82: 04583-110 | BK82: PA - HONDA AUTOMOVEIS - SUMARE - SP | BL82: 5972602 | BM82: 0 | BN82: 0 | BQ82: PA - FILIAL SPG - GUARULHOS - SP | BS82: Em Transferência | BU82: Avenida Doutor Chucri Zaidan,45 | BW82: Em Trânsito | BY82: NÃO | CB82: HON | CC82: HON | CD82: SPG | CE82: PA - FILIAL SPG - GUARULHOS - SP | CF82: SPG
A83: H 703 | B83: HONDA AUTOMOVEIS BRASIL LTDA | C83: 5972817 | D83: 0 | E83: Ascendant Comercio De Veiculos Ltda | F83: - | G83: 08.250.575/0002-55 | H83: SP | I83: São Paulo | J83: 04583-110 | K83: ROBERTO REGES DE SOUZA | L83: 46218.12 | M83: D0 | N83: N | P83: TRANSFERÊNCIA ENTRE HUBS DHL | Q83: 46217.255 | R83: 14/07/2026 06:08:27 - ter - TMSBENNER - Todas as filiais | S83: 254751447 | T83: Não | U83: 2026/650571-207-5972817-0 | V83: PA - FILIAL SPG - GUARULHOS - SP | W83: AEMCE | Z83: PA - HONDA AUTOMOVEIS - SUMARE - SP | AA83: Em Transferência | AB83: 1130.66 | AC83: 2 | AD83: 5.9625 | AE83: 35260701192333000394550000059728171290238402 | AF83: 46217.12 | AG83: 77001 | AH83: 46217.255 | AI83: HONDA AUTOMOVEIS BRASIL LTDA | AJ83: Transferência | AK83: 2026/650571-207 | AL83: 35260701192333000394550000059728171290238402 | AM83: No Prazo | AN83: 45 | AO83: Outbound | AP83: 01.192.333/0003-94 | AR83: 133 | AU83: 01.192.333/0003-94 | AV83: SP | AW83: Sumaré | AX83: Municipal Valencio Calegari | AY83: 13181-903 | AZ83: Nova Veneza | BA83: HONDA AUTOMOVEIS DO BRASIL LTDA | BB83: Vila Cordeiro | BC83: 35260700233065000187572100000770011000770012 | BE83: HONDA AUTOMOVEIS DO BRASIL LTDA | BF83: 4 | BG83: Não | BI83: 46216 | BJ83: 04583-110 | BK83: PA - HONDA AUTOMOVEIS - SUMARE - SP | BM83: 1.325 | BN83: 1.325 | BQ83: PA - FILIAL SPG - GUARULHOS - SP | BS83: Em Transferência | BU83: Avenida Doutor Chucri Zaidan,45 | BW83: Em Trânsito | BY83: NÃO | CB83: HON | CC83: HON | CD83: SPG | CE83: PA - FILIAL SPG - GUARULHOS - SP | CF83: SPG
A84: H 706 JAPAN | B84: HONDA AUTOMOVEIS BRASIL LTDA | C84: 5972331 | D84: 0 | E84: Sp Japan Motors Dist.De Veics.Ltda | F84: - | G84: 67.592.295/0001-03 | H84: SP | I84: São Paulo | J84: 01524-000 | K84: ROBERTO REGES DE SOUZA | L84: 46218.12 | M84: D0 | N84: N | P84: EMBARCADO | Q84: 46217.255 | R84: EMBARCADO | S84: 254721134 | T84: Não | U84: 2026/650571-207-5972331-0 | V84: PA - FILIAL SPG - GUARULHOS - SP | W84: AEMCE | Z84: PA - HONDA AUTOMOVEIS - SUMARE - SP | AA84: Em Transferência | AB84: 987.51 | AC84: 1 | AD84: 2.385 | AE84: 35260701192333000394550000059723311290225418 | AF84: 46217.12 | AG84: 77002 | AH84: 46217.255 | AI84: HONDA AUTOMOVEIS BRASIL LTDA | AJ84: Transferência | AK84: 2026/650571-207 | AL84: 35260701192333000394550000059723311290225418 | AM84: No Prazo | AN84: 15 | AO84: Outbound | AP84: 01.192.333/0003-94 | AR84: 0 | AU84: 01.192.333/0003-94 | AV84: SP | AW84: Sumaré | AX84: Municipal Valencio Calegari | AY84: 13181-903 | AZ84: Nova Veneza | BA84: HONDA AUTOMOVEIS DO BRASIL LTDA | BB84: Cambuci | BC84: 35260700233065000187572100000770021000770028 | BE84: HONDA AUTOMOVEIS DO BRASIL LTDA | BF84: 4 | BG84: Não | BI84: 46216 | BJ84: 01524-000 | BK84: PA - HONDA AUTOMOVEIS - SUMARE - SP | BM84: 0.53 | BN84: 0.53 | BQ84: PA - FILIAL SPG - GUARULHOS - SP | BS84: Em Transferência | BU84: Da Independencia,1000 | BW84: Em Trânsito | BY84: NÃO | CB84: HON | CC84: HON | CD84: SPG | CE84: PA - FILIAL SPG - GUARULHOS - SP | CF84: SPG
A85: H 706 JAPAN | B85: HONDA AUTOMOVEIS BRASIL LTDA | C85: 5972356 | D85: 0 | E85: Sp Japan Motors Dist.De Veics.Ltda | F85: - | G85: 67.592.295/0001-03 | H85: SP | I85: São Paulo | J85: 01524-000 | K85: ROBERTO REGES DE SOUZA | L85: 46218.12 | M85: D0 | N85: N | P85: EMBARCADO | Q85: 46217.255 | R85: EMBARCADO | S85: 254722317 | T85: Não | U85: 2026/650571-207-5972356-0 | V85: PA - FILIAL SPG - GUARULHOS - SP | W85: AEMCE | Z85: PA - HONDA AUTOMOVEIS - SUMARE - SP | AA85: Em Transferência | AB85: 15609.74 | AC85: 2 | AD85: 50.3775 | AE85: 35260701192333000394550000059723561290226790 | AF85: 46217.12 | AG85: 77002 | AH85: 46217.255 | AI85: HONDA AUTOMOVEIS BRASIL LTDA | AJ85: Transferência | AK85: 2026/650571-207 | AL85: 35260701192333000394550000059723561290226790 | AM85: No Prazo | AN85: 15 | AO85: Outbound | AP85: 01.192.333/0003-94 | AR85: 0 | AU85: 01.192.333/0003-94 | AV85: SP | AW85: Sumaré | AX85: Municipal Valencio Calegari | AY85: 13181-903 | AZ85: Nova Veneza | BA85: HONDA AUTOMOVEIS DO BRASIL LTDA | BB85: Cambuci | BC85: 35260700233065000187572100000770021000770028 | BE85: HONDA AUTOMOVEIS DO BRASIL LTDA | BF85: 4 | BG85: Não | BI85: 46216 | BJ85: 01524-000 | BK85: PA - HONDA AUTOMOVEIS - SUMARE - SP | BM85: 11.195 | BN85: 11.195 | BQ85: PA - FILIAL SPG - GUARULHOS - SP | BS85: Em Transferência | BU85: Da Independencia,1000 | BW85: Em Trânsito | BY85: NÃO | CB85: HON | CC85: HON | CD85: SPG | CE85: PA - FILIAL SPG - GUARULHOS - SP | CF85: SPG
A86: H 706 JAPAN | B86: HONDA AUTOMOVEIS BRASIL LTDA | C86: 5972383 | D86: 0 | E86: Sp Japan Motors Dist.De Veics.Ltda | F86: - | G86: 67.592.295/0001-03 | H86: SP | I86: São Paulo | J86: 01524-000 | K86: ROBERTO REGES DE SOUZA | L86: 46218.12 | M86: D0 | N86: N | P86: EMBARCADO | Q86: 46217.255 | R86: EMBARCADO | S86: 254724360 | T86: Não | U86: 2026/650571-207-5972383-0 | V86: PA - FILIAL SPG - GUARULHOS - SP | W86: AEMCE | Z86: PA - HONDA AUTOMOVEIS - SUMARE - SP | AA86: Em Transferência | AB86: 5825.44 | AC86: 2 | AD86: 84.6675 | AE86: 35260701192333000394550000059723831290229282 | AF86: 46217.12 | AG86: 77002 | AH86: 46217.255 | AI86: HONDA AUTOMOVEIS BRASIL LTDA | AJ86: Transferência | AK86: 2026/650571-207 | AL86: 35260701192333000394550000059723831290229282 | AM86: No Prazo | AN86: 15 | AO86: Outbound | AP86: 01.192.333/0003-94 | AR86: 0 | AU86: 01.192.333/0003-94 | AV86: SP | AW86: Sumaré | AX86: Municipal Valencio Calegari | AY86: 13181-903 | AZ86: Nova Veneza | BA86: HONDA AUTOMOVEIS DO BRASIL LTDA | BB86: Cambuci | BC86: 35260700233065000187572100000770021000770028 | BE86: HONDA AUTOMOVEIS DO BRASIL LTDA | BF86: 4 | BG86: Não | BI86: 46216 | BJ86: 01524-000 | BK86: PA - HONDA AUTOMOVEIS - SUMARE - SP | BM86: 18.815 | BN86: 18.815 | BQ86: PA - FILIAL SPG - GUARULHOS - SP | BS86: Em Transferência | BU86: Da Independencia,1000 | BW86: Em Trânsito | BY86: NÃO | CB86: HON | CC86: HON | CD86: SPG | CE86: PA - FILIAL SPG - GUARULHOS - SP | CF86: SPG
A87: H 706 JAPAN | B87: HONDA AUTOMOVEIS BRASIL LTDA | C87: 5972430 | D87: 0 | E87: Sp Japan Motors Dist.De Veics.Ltda | F87: - | G87: 67.592.295/0001-03 | H87: SP | I87: São Paulo | J87: 01524-000 | K87: ROBERTO REGES DE SOUZA | L87: 46218.12 | M87: D0 | N87: N | P87: EMBARCADO | Q87: 46217.255 | R87: EMBARCADO | S87: 254736625 | T87: Não | U87: 2026/650571-207-5972430-0 | V87: PA - FILIAL SPG - GUARULHOS - SP | W87: AEMCE | Z87: PA - HONDA AUTOMOVEIS - SUMARE - SP | AA87: Em Transferência | AB87: 151.98 | AC87: 1 | AD87: 10.1475 | AE87: 35260701192333000394550000059724301290230690 | AF87: 46217.12 | AG87: 77002 | AH87: 46217.255 | AI87: HONDA AUTOMOVEIS BRASIL LTDA | AJ87: Transferência | AK87: 2026/650571-207 | AL87: 35260701192333000394550000059724301290230690 | AM87: No Prazo | AN87: 15 | AO87: Outbound | AP87: 01.192.333/0003-94 | AR87: 0 | AU87: 01.192.333/0003-94 | AV87: SP | AW87: Sumaré | AX87: Municipal Valencio Calegari | AY87: 13181-903 | AZ87: Nova Veneza | BA87: HONDA AUTOMOVEIS DO BRASIL LTDA | BB87: Cambuci | BC87: 35260700233065000187572100000770021000770028 | BE87: HONDA AUTOMOVEIS DO BRASIL LTDA | BF87: 4 | BG87: Não | BI87: 46216 | BJ87: 01524-000 | BK87: PA - HONDA AUTOMOVEIS - SUMARE - SP | BM87: 2.255 | BN87: 2.255 | BQ87: PA - FILIAL SPG - GUARULHOS - SP | BS87: Em Transferência | BU87: Da Independencia,1000 | BW87: Em Trânsito | BY87: NÃO | CB87: HON | CC87: HON | CD87: SPG | CE87: PA - FILIAL SPG - GUARULHOS - SP | CF87: SPG
A88: H 700 | B88: HONDA AUTOMOVEIS BRASIL LTDA | C88: 5972341 | D88: 0 | E88: United Auto Nagoya Ltda | F88: - | G88: 03.962.539/0004-62 | H88: SP | I88: Santo André | J88: 09040-160 | K88: ROBERTO REGES DE SOUZA | L88: 46218.12 | M88: D0 | N88: N | P88: EMBARCADO | Q88: 46217.255 | R88: EMBARCADO | S88: 254721492 | T88: Não | U88: 2026/650571-207-5972341-0 | V88: PA - FILIAL SPG - GUARULHOS - SP | W88: AEMCE | Z88: PA - HONDA AUTOMOVEIS - SUMARE - SP | AA88: Em Transferência | AB88: 10972.33 | AC88: 24 | AD88: 228.96 | AE88: 35260701192333000394550000059723411290225511 | AF88: 46217.12 | AG88: 77003 | AH88: 46217.255 | AI88: HONDA AUTOMOVEIS BRASIL LTDA | AJ88: Transferência | AK88: 2026/650571-207 | AL88: 35260701192333000394550000059723411290225511 | AM88: No Prazo | AN88: 90 | AO88: Outbound | AP88: 01.192.333/0003-94 | AR88: 0 | AU88: 01.192.333/0003-94 | AV88: SP | AW88: Sumaré | AX88: Municipal Valencio Calegari | AY88: 13181-903 | AZ88: Nova Veneza | BA88: HONDA AUTOMOVEIS DO BRASIL LTDA | BB88: Centro | BC88: 35260700233065000187572100000770031000770033 | BE88: HONDA AUTOMOVEIS DO BRASIL LTDA | BF88: 4 | BG88: Não | BI88: 46216 | BJ88: 09040-160 | BK88: PA - HONDA AUTOMOVEIS - SUMARE - SP | BM88: 50.88 | BN88: 50.88 | BQ88: PA - FILIAL SPG - GUARULHOS - SP | BS88: Em Transferência | BU88: Ramiro Colleoni,377 | BW88: Em Trânsito | BY88: NÃO | CB88: HON | CC88: HON | CD88: SPG | CE88: PA - FILIAL SPG - GUARULHOS - SP | CF88: SPG
A89: H 700 | B89: HONDA AUTOMOVEIS BRASIL LTDA | C89: 5972411 | D89: 0 | E89: United Auto Nagoya Ltda | F89: - | G89: 03.962.539/0004-62 | H89: SP | I89: Santo André | J89: 09040-160 | K89: ROBERTO REGES DE SOUZA | L89: 46218.12 | M89: D0 | N89: N | P89: EMBARCADO | Q89: 46217.255 | R89: EMBARCADO | S89: 254735673 | T89: Não | U89: 2026/650571-207-5972411-0 | V89: PA - FILIAL SPG - GUARULHOS - SP | W89: AEMCE | Z89: PA - HONDA AUTOMOVEIS - SUMARE - SP | AA89: Em Transferência | AB89: 6230.22 | AC89: 9 | AD89: 466.5645 | AE89: 35260701192333000394550000059724111290230384 | AF89: 46217.12 | AG89: 77003 | AH89: 46217.255 | AI89: HONDA AUTOMOVEIS BRASIL LTDA | AJ89: Transferência | AK89: 2026/650571-207 | AL89: 35260701192333000394550000059724111290230384 | AM89: No Prazo | AN89: 90 | AO89: Outbound | AP89: 01.192.333/0003-94 | AR89: 0 | AU89: 01.192.333/0003-94 | AV89: SP | AW89: Sumaré | AX89: Municipal Valencio Calegari | AY89: 13181-903 | AZ89: Nova Veneza | BA89: HONDA AUTOMOVEIS DO BRASIL LTDA | BB89: Centro | BC89: 35260700233065000187572100000770031000770033 | BE89: HONDA AUTOMOVEIS DO BRASIL LTDA | BF89: 4 | BG89: Não | BI89: 46216 | BJ89: 09040-160 | BK89: PA - HONDA AUTOMOVEIS - SUMARE - SP | BM89: 103.681 | BN89: 103.681 | BQ89: PA - FILIAL SPG - GUARULHOS - SP | BS89: Em Transferência | BU89: Ramiro Colleoni,377 | BW89: Em Trânsito | BY89: NÃO | CB89: HON | CC89: HON | CD89: SPG | CE89: PA - FILIAL SPG - GUARULHOS - SP | CF89: SPG
A90: H 700 | B90: HONDA AUTOMOVEIS BRASIL LTDA | C90: 5972412 | D90: 0 | E90: United Auto Nagoya Ltda | F90: - | G90: 03.962.539/0004-62 | H90: SP | I90: Santo André | J90: 09040-160 | K90: ROBERTO REGES DE SOUZA | L90: 46218.12 | M90: D0 | N90: N | P90: EMBARCADO | Q90: 46217.255 | R90: EMBARCADO | S90: 254735740 | T90: Não | U90: 2026/650571-207-5972412-0 | V90: PA - FILIAL SPG - GUARULHOS - SP | W90: AEMCE | X90: 5972411 | Z90: PA - HONDA AUTOMOVEIS - SUMARE - SP | AA90: Em Transferência | AB90: 2214.61 | AC90: 0 | AD90: 0 | AE90: 35260701192333000394550000059724121290230390 | AF90: 46217.12 | AG90: 77003 | AH90: 46217.255 | AI90: HONDA AUTOMOVEIS BRASIL LTDA | AJ90: Transferência | AK90: 2026/650571-207 | AL90: 35260701192333000394550000059724121290230390 | AM90: No Prazo | AN90: 90 | AO90: Outbound | AP90: 01.192.333/0003-94 | AR90: 0 | AU90: 01.192.333/0003-94 | AV90: SP | AW90: Sumaré | AX90: Municipal Valencio Calegari | AY90: 13181-903 | AZ90: Nova Veneza | BA90: HONDA AUTOMOVEIS DO BRASIL LTDA | BB90: Centro | BC90: 35260700233065000187572100000770031000770033 | BE90: HONDA AUTOMOVEIS DO BRASIL LTDA | BF90: 4 | BG90: Não | BI90: 46216 | BJ90: 09040-160 | BK90: PA - HONDA AUTOMOVEIS - SUMARE - SP | BL90: 5972411 | BM90: 0 | BN90: 0 | BQ90: PA - FILIAL SPG - GUARULHOS - SP | BS90: Em Transferência | BU90: Ramiro Colleoni,377 | BW90: Em Trânsito | BY90: NÃO | CB90: HON | CC90: HON | CD90: SPG | CE90: PA - FILIAL SPG - GUARULHOS - SP | CF90: SPG
A91: H 700 | B91: HONDA AUTOMOVEIS BRASIL LTDA | C91: 5972436 | D91: 0 | E91: United Auto Nagoya Ltda | F91: - | G91: 03.962.539/0004-62 | H91: SP | I91: Santo André | J91: 09040-160 | K91: ROBERTO REGES DE SOUZA | L91: 46218.12 | M91: D0 | N91: N | P91: EMBARCADO | Q91: 46217.255 | R91: EMBARCADO | S91: 254736621 | T91: Não | U91: 2026/650571-207-5972436-0 | V91: PA - FILIAL SPG - GUARULHOS - SP | W91: AEMCE | Z91: PA - HONDA AUTOMOVEIS - SUMARE - SP | AA91: Em Transferência | AB91: 1060.27 | AC91: 1 | AD91: 28.6875 | AE91: 35260701192333000394550000059724361290230758 | AF91: 46217.12 | AG91: 77003 | AH91: 46217.255 | AI91: HONDA AUTOMOVEIS BRASIL LTDA | AJ91: Transferência | AK91: 2026/650571-207 | AL91: 35260701192333000394550000059724361290230758 | AM91: No Prazo | AN91: 90 | AO91: Outbound | AP91: 01.192.333/0003-94 | AR91: 0 | AU91: 01.192.333/0003-94 | AV91: SP | AW91: Sumaré | AX91: Municipal Valencio Calegari | AY91: 13181-903 | AZ91: Nova Veneza | BA91: HONDA AUTOMOVEIS DO BRASIL LTDA | BB91: Centro | BC91: 35260700233065000187572100000770031000770033 | BE91: HONDA AUTOMOVEIS DO BRASIL LTDA | BF91: 4 | BG91: Não | BI91: 46216 | BJ91: 09040-160 | BK91: PA - HONDA AUTOMOVEIS - SUMARE - SP | BM91: 6.375 | BN91: 6.375 | BQ91: PA - FILIAL SPG - GUARULHOS - SP | BS91: Em Transferência | BU91: Ramiro Colleoni,377 | BW91: Em Trânsito | BY91: NÃO | CB91: HON | CC91: HON | CD91: SPG | CE91: PA - FILIAL SPG - GUARULHOS - SP | CF91: SPG
A92: H 706 JAPAN | B92: HONDA AUTOMOVEIS BRASIL LTDA | C92: 5972343 | D92: 0 | E92: Sp Japan Motors Distribuidora De Veiculos Ltda | F92: - | G92: 67.592.295/0009-60 | H92: SP | I92: São Paulo | J92: 03321-001 | K92: ROBERTO REGES DE SOUZA | L92: 46218.12 | M92: D0 | N92: N | P92: TRANSFERÊNCIA ENTRE HUBS DHL | Q92: 46217.255 | R92: 14/07/2026 06:08:25 - ter - TMSBENNER - Todas as filiais | S92: 254721507 | T92: Não | U92: 2026/650571-207-5972343-0 | V92: PA - FILIAL SPG - GUARULHOS - SP | W92: AEMCE | Z92: PA - HONDA AUTOMOVEIS - SUMARE - SP | AA92: Em Transferência | AB92: 579.23 | AC92: 1 | AD92: 18.27 | AE92: 35260701192333000394550000059723431290225532 | AF92: 46217.12 | AG92: 77005 | AH92: 46217.255 | AI92: HONDA AUTOMOVEIS BRASIL LTDA | AJ92: Transferência | AK92: 2026/650571-207 | AL92: 35260701192333000394550000059723431290225532 | AM92: No Prazo | AN92: 33 | AO92: Outbound | AP92: 01.192.333/0003-94 | AR92: 133 | AU92: 01.192.333/0003-94 | AV92: SP | AW92: Sumaré | AX92: Municipal Valencio Calegari | AY92: 13181-903 | AZ92: Nova Veneza | BA92: HONDA AUTOMOVEIS DO BRASIL LTDA | BB92: Vila Gomes Cardim | BC92: 35260700233065000187572100000770051000770054 | BE92: HONDA AUTOMOVEIS DO BRASIL LTDA | BF92: 4 | BG92: Não | BI92: 46216 | BJ92: 03321-001 | BK92: PA - HONDA AUTOMOVEIS - SUMARE - SP | BM92: 4.06 | BN92: 4.06 | BQ92: PA - FILIAL SPG - GUARULHOS - SP | BS92: Em Transferência | BU92: Rua Euclides Pacheco,1931 | BW92: Em Trânsito | BY92: NÃO | CB92: HON | CC92: HON | CD92: SPG | CE92: PA - FILIAL SPG - GUARULHOS - SP | CF92: SPG
A93: H 700 | B93: HONDA AUTOMOVEIS BRASIL LTDA | C93: 5972374 | D93: 0 | E93: United Auto Nagoya Com.Veiculos Ltda | F93: - | G93: 03.962.539/0005-43 | H93: SP | I93: São Bernardo do Campo | J93: 09609-000 | K93: ROBERTO REGES DE SOUZA | L93: 46218.121 | M93: D0 | N93: N | P93: TRANSFERÊNCIA ENTRE HUBS DHL | Q93: 46217.255 | R93: 14/07/2026 06:08:27 - ter - TMSBENNER - Todas as filiais | S93: 254723170 | T93: Não | U93: 2026/650571-207-5972374-0 | V93: PA - FILIAL SPG - GUARULHOS - SP | W93: AEMCE | Z93: PA - HONDA AUTOMOVEIS - SUMARE - SP | AA93: Em Transferência | AB93: 562.25 | AC93: 1 | AD93: 10.3905 | AE93: 35260701192333000394550000059723741290228007 | AF93: 46217.121 | AG93: 77007 | AH93: 46217.255 | AI93: HONDA AUTOMOVEIS BRASIL LTDA | AJ93: Transferência | AK93: 2026/650571-207 | AL93: 35260701192333000394550000059723741290228007 | AM93: No Prazo | AN93: 96 | AO93: Outbound | AP93: 01.192.333/0003-94 | AR93: 133 | AU93: 01.192.333/0003-94 | AV93: SP | AW93: Sumaré | AX93: Municipal Valencio Calegari | AY93: 13181-903 | AZ93: Nova Veneza | BA93: HONDA AUTOMOVEIS DO BRASIL LTDA | BB93: Rudge Ramos | BC93: 35260700233065000187572100000770071000770075 | BE93: HONDA AUTOMOVEIS DO BRASIL LTDA | BF93: 4 | BG93: Não | BI93: 46216 | BJ93: 09609-000 | BK93: PA - HONDA AUTOMOVEIS - SUMARE - SP | BM93: 2.309 | BN93: 2.309 | BQ93: PA - FILIAL SPG - GUARULHOS - SP | BS93: Em Transferência | BU93: Caminho Do Mar,1655 | BW93: Em Trânsito | BY93: NÃO | CB93: HON | CC93: HON | CD93: SPG | CE93: PA - FILIAL SPG - GUARULHOS - SP | CF93: SPG
A94: H 700 | B94: HONDA AUTOMOVEIS BRASIL LTDA | C94: 5972410 | D94: 0 | E94: United Auto Nagoya Com.Veiculos Ltda | F94: - | G94: 03.962.539/0005-43 | H94: SP | I94: São Bernardo do Campo | J94: 09609-000 | K94: ROBERTO REGES DE SOUZA | L94: 46218.121 | M94: D0 | N94: N | P94: TRANSFERÊNCIA ENTRE HUBS DHL | Q94: 46217.255 | R94: 14/07/2026 06:08:27 - ter - TMSBENNER - Todas as filiais | S94: 254735680 | T94: Não | U94: 2026/650571-207-5972410-0 | V94: PA - FILIAL SPG - GUARULHOS - SP | W94: AEMCE | Z94: PA - HONDA AUTOMOVEIS - SUMARE - SP | AA94: Em Transferência | AB94: 2690.9 | AC94: 6 | AD94: 41.283 | AE94: 35260701192333000394550000059724101290230379 | AF94: 46217.121 | AG94: 77007 | AH94: 46217.255 | AI94: HONDA AUTOMOVEIS BRASIL LTDA | AJ94: Transferência | AK94: 2026/650571-207 | AL94: 35260701192333000394550000059724101290230379 | AM94: No Prazo | AN94: 96 | AO94: Outbound | AP94: 01.192.333/0003-94 | AR94: 133 | AU94: 01.192.333/0003-94 | AV94: SP | AW94: Sumaré | AX94: Municipal Valencio Calegari | AY94: 13181-903 | AZ94: Nova Veneza | BA94: HONDA AUTOMOVEIS DO BRASIL LTDA | BB94: Rudge Ramos | BC94: 35260700233065000187572100000770071000770075 | BE94: HONDA AUTOMOVEIS DO BRASIL LTDA | BF94: 4 | BG94: Não | BI94: 46216 | BJ94: 09609-000 | BK94: PA - HONDA AUTOMOVEIS - SUMARE - SP | BM94: 9.174 | BN94: 9.174 | BQ94: PA - FILIAL SPG - GUARULHOS - SP | BS94: Em Transferência | BU94: Caminho Do Mar,1655 | BW94: Em Trânsito | BY94: NÃO | CB94: HON | CC94: HON | CD94: SPG | CE94: PA - FILIAL SPG - GUARULHOS - SP | CF94: SPG
A95: H 700 | B95: HONDA AUTOMOVEIS BRASIL LTDA | C95: 5972435 | D95: 0 | E95: United Auto Nagoya Com.Veiculos Ltda | F95: - | G95: 03.962.539/0005-43 | H95: SP | I95: São Bernardo do Campo | J95: 09609-000 | K95: ROBERTO REGES DE SOUZA | L95: 46218.121 | M95: D0 | N95: N | P95: TRANSFERÊNCIA ENTRE HUBS DHL | Q95: 46217.255 | R95: 14/07/2026 06:08:27 - ter - TMSBENNER - Todas as filiais | S95: 254736622 | T95: Não | U95: 2026/650571-207-5972435-0 | V95: PA - FILIAL SPG - GUARULHOS - SP | W95: AEMCE | Z95: PA - HONDA AUTOMOVEIS - SUMARE - SP | AA95: Em Transferência | AB95: 967.15 | AC95: 1 | AD95: 19.3725 | AE95: 35260701192333000394550000059724351290230742 | AF95: 46217.121 | AG95: 77007 | AH95: 46217.255 | AI95: HONDA AUTOMOVEIS BRASIL LTDA | AJ95: Transferência | AK95: 2026/650571-207 | AL95: 35260701192333000394550000059724351290230742 | AM95: No Prazo | AN95: 96 | AO95: Outbound | AP95: 01.192.333/0003-94 | AR95: 133 | AU95: 01.192.333/0003-94 | AV95: SP | AW95: Sumaré | AX95: Municipal Valencio Calegari | AY95: 13181-903 | AZ95: Nova Veneza | BA95: HONDA AUTOMOVEIS DO BRASIL LTDA | BB95: Rudge Ramos | BC95: 35260700233065000187572100000770071000770075 | BE95: HONDA AUTOMOVEIS DO BRASIL LTDA | BF95: 4 | BG95: Não | BI95: 46216 | BJ95: 09609-000 | BK95: PA - HONDA AUTOMOVEIS - SUMARE - SP | BM95: 4.305 | BN95: 4.305 | BQ95: PA - FILIAL SPG - GUARULHOS - SP | BS95: Em Transferência | BU95: Caminho Do Mar,1655 | BW95: Em Trânsito | BY95: NÃO | CB95: HON | CC95: HON | CD95: SPG | CE95: PA - FILIAL SPG - GUARULHOS - SP | CF95: SPG
A96: H 700 | B96: HONDA AUTOMOVEIS BRASIL LTDA | C96: 5972564 | D96: 0 | E96: United Auto Nagoya Com.Veiculos Ltda | F96: - | G96: 03.962.539/0005-43 | H96: SP | I96: São Bernardo do Campo | J96: 09609-000 | K96: ROBERTO REGES DE SOUZA | L96: 46218.121 | M96: D0 | N96: N | P96: TRANSFERÊNCIA ENTRE HUBS DHL | Q96: 46217.255 | R96: 14/07/2026 06:08:27 - ter - TMSBENNER - Todas as filiais | S96: 254741835 | T96: Não | U96: 2026/650571-207-5972564-0 | V96: PA - FILIAL SPG - GUARULHOS - SP | W96: AEMCE | Z96: PA - HONDA AUTOMOVEIS - SUMARE - SP | AA96: Em Transferência | AB96: 9926.78 | AC96: 8 | AD96: 306.1575 | AE96: 35260701192333000394550000059725641290232351 | AF96: 46217.121 | AG96: 77007 | AH96: 46217.255 | AI96: HONDA AUTOMOVEIS BRASIL LTDA | AJ96: Transferência | AK96: 2026/650571-207 | AL96: 35260701192333000394550000059725641290232351 | AM96: No Prazo | AN96: 96 | AO96: Outbound | AP96: 01.192.333/0003-94 | AR96: 133 | AU96: 01.192.333/0003-94 | AV96: SP | AW96: Sumaré | AX96: Municipal Valencio Calegari | AY96: 13181-903 | AZ96: Nova Veneza | BA96: HONDA AUTOMOVEIS DO BRASIL LTDA | BB96: Rudge Ramos | BC96: 35260700233065000187572100000770071000770075 | BE96: HONDA AUTOMOVEIS DO BRASIL LTDA | BF96: 4 | BG96: Não | BI96: 46216 | BJ96: 09609-000 | BK96: PA - HONDA AUTOMOVEIS - SUMARE - SP | BM96: 68.035 | BN96: 68.035 | BQ96: PA - FILIAL SPG - GUARULHOS - SP | BS96: Em Transferência | BU96: Caminho Do Mar,1655 | BW96: Em Trânsito | BY96: NÃO | CB96: HON | CC96: HON | CD96: SPG | CE96: PA - FILIAL SPG - GUARULHOS - SP | CF96: SPG
A97: H 700 | B97: HONDA AUTOMOVEIS BRASIL LTDA | C97: 5972565 | D97: 0 | E97: United Auto Nagoya Com.Veiculos Ltda | F97: - | G97: 03.962.539/0005-43 | H97: SP | I97: São Bernardo do Campo | J97: 09609-000 | K97: ROBERTO REGES DE SOUZA | L97: 46218.121 | M97: D0 | N97: N | P97: TRANSFERÊNCIA ENTRE HUBS DHL | Q97: 46217.255 | R97: 14/07/2026 06:08:28 - ter - TMSBENNER - Todas as filiais | S97: 254742234 | T97: Não | U97: 2026/650571-207-5972565-0 | V97: PA - FILIAL SPG - GUARULHOS - SP | W97: AEMCE | X97: 5972564 | Z97: PA - HONDA AUTOMOVEIS - SUMARE - SP | AA97: Em Transferência | AB97: 2914.8 | AC97: 0 | AD97: 0 | AE97: 35260701192333000394550000059725651290232367 | AF97: 46217.121 | AG97: 77007 | AH97: 46217.255 | AI97: HONDA AUTOMOVEIS BRASIL LTDA | AJ97: Transferência | AK97: 2026/650571-207 | AL97: 35260701192333000394550000059725651290232367 | AM97: No Prazo | AN97: 96 | AO97: Outbound | AP97: 01.192.333/0003-94 | AR97: 133 | AU97: 01.192.333/0003-94 | AV97: SP | AW97: Sumaré | AX97: Municipal Valencio Calegari | AY97: 13181-903 | AZ97: Nova Veneza | BA97: HONDA AUTOMOVEIS DO BRASIL LTDA | BB97: Rudge Ramos | BC97: 35260700233065000187572100000770071000770075 | BE97: HONDA AUTOMOVEIS DO BRASIL LTDA | BF97: 4 | BG97: Não | BI97: 46216 | BJ97: 09609-000 | BK97: PA - HONDA AUTOMOVEIS - SUMARE - SP | BL97: 5972564 | BM97: 0 | BN97: 0 | BQ97: PA - FILIAL SPG - GUARULHOS - SP | BS97: Em Transferência | BU97: Caminho Do Mar,1655 | BW97: Em Trânsito | BY97: NÃO | CB97: HON | CC97: HON | CD97: SPG | CE97: PA - FILIAL SPG - GUARULHOS - SP | CF97: SPG
A98: H 707 | B98: HONDA AUTOMOVEIS BRASIL LTDA | C98: 5972363 | D98: 0 | E98: United Auto Nagoya Ltda | F98: - | G98: 03.962.539/0002-09 | H98: SP | I98: Guarulhos | J98: 07013-090 | K98: ROBERTO REGES DE SOUZA | L98: 46218.121 | M98: D0 | N98: N | P98: EMBARCADO | Q98: 46217.255 | R98: EMBARCADO | S98: 254723178 | T98: Não | U98: 2026/650571-207-5972363-0 | V98: PA - FILIAL SPG - GUARULHOS - SP | W98: AEMCE | Z98: PA - HONDA AUTOMOVEIS - SUMARE - SP | AA98: Em Transferência | AB98: 2085.69 | AC98: 3 | AD98: 12.0825 | AE98: 35260701192333000394550000059723631290226868 | AF98: 46217.121 | AG98: 77008 | AH98: 46217.255 | AI98: HONDA AUTOMOVEIS BRASIL LTDA | AJ98: Transferência | AK98: 2026/650571-207 | AL98: 35260701192333000394550000059723631290226868 | AM98: No Prazo | AN98: 70 | AO98: Outbound | AP98: 01.192.333/0003-94 | AR98: 0 | AU98: 01.192.333/0003-94 | AV98: SP | AW98: Sumaré | AX98: Municipal Valencio Calegari | AY98: 13181-903 | AZ98: Nova Veneza | BA98: HONDA AUTOMOVEIS DO BRASIL LTDA | BB98: Vl Das Palmeiras | BC98: 35260700233065000187572100000770081000770080 | BE98: HONDA AUTOMOVEIS DO BRASIL LTDA | BF98: 4 | BG98: Não | BI98: 46216 | BJ98: 07013-090 | BK98: PA - HONDA AUTOMOVEIS - SUMARE - SP | BM98: 2.685 | BN98: 2.685 | BQ98: PA - FILIAL SPG - GUARULHOS - SP | BS98: Em Transferência | BU98: Antonio De Souza,595 | BW98: Em Trânsito | BY98: NÃO | CB98: HON | CC98: HON | CD98: SPG | CE98: PA - FILIAL SPG - GUARULHOS - SP | CF98: SPG
A99: H 707 | B99: HONDA AUTOMOVEIS BRASIL LTDA | C99: 5972364 | D99: 0 | E99: United Auto Nagoya Ltda | F99: - | G99: 03.962.539/0002-09 | H99: SP | I99: Guarulhos | J99: 07013-090 | K99: ROBERTO REGES DE SOUZA | L99: 46218.121 | M99: D0 | N99: N | P99: EMBARCADO | Q99: 46217.255 | R99: EMBARCADO | S99: 254723525 | T99: Não | U99: 2026/650571-207-5972364-0 | V99: PA - FILIAL SPG - GUARULHOS - SP | W99: AEMCE | X99: 5972363 | Z99: PA - HONDA AUTOMOVEIS - SUMARE - SP | AA99: Em Transferência | AB99: 616.84 | AC99: 0 | AD99: 0 | AE99: 35260701192333000394550000059723641290226873 | AF99: 46217.121 | AG99: 77008 | AH99: 46217.255 | AI99: HONDA AUTOMOVEIS BRASIL LTDA | AJ99: Transferência | AK99: 2026/650571-207 | AL99: 35260701192333000394550000059723641290226873 | AM99: No Prazo | AN99: 70 | AO99: Outbound | AP99: 01.192.333/0003-94 | AR99: 0 | AU99: 01.192.333/0003-94 | AV99: SP | AW99: Sumaré | AX99: Municipal Valencio Calegari | AY99: 13181-903 | AZ99: Nova Veneza | BA99: HONDA AUTOMOVEIS DO BRASIL LTDA | BB99: Vl Das Palmeiras | BC99: 35260700233065000187572100000770081000770080 | BE99: HONDA AUTOMOVEIS DO BRASIL LTDA | BF99: 4 | BG99: Não | BI99: 46216 | BJ99: 07013-090 | BK99: PA - HONDA AUTOMOVEIS - SUMARE - SP | BL99: 5972363 | BM99: 0 | BN99: 0 | BQ99: PA - FILIAL SPG - GUARULHOS - SP | BS99: Em Transferência | BU99: Antonio De Souza,595 | BW99: Em Trânsito | BY99: NÃO | CB99: HON | CC99: HON | CD99: SPG | CE99: PA - FILIAL SPG - GUARULHOS - SP | CF99: SPG
A100: H 707 | B100: HONDA AUTOMOVEIS BRASIL LTDA | C100: 5972562 | D100: 0 | E100: United Auto Nagoya Ltda | F100: - | G100: 03.962.539/0002-09 | H100: SP | I100: Guarulhos | J100: 07013-090 | K100: ROBERTO REGES DE SOUZA | L100: 46218.121 | M100: D0 | N100: N | P100: TRANSFERÊNCIA ENTRE HUBS DHL | Q100: 46217.255 | R100: 14/07/2026 06:08:26 - ter - TMSBENNER - Todas as filiais | S100: 254741819 | T100: Não | U100: 2026/650571-207-5972562-0 | V100: PA - FILIAL SPG - GUARULHOS - SP | W100: AEMCE | Z100: PA - HONDA AUTOMOVEIS - SUMARE - SP | AA100: Em Transferência | AB100: 2982.36 | AC100: 3 | AD100: 104.0625 | AE100: 35260701192333000394550000059725621290232330 | AF100: 46217.121 | AG100: 77008 | AH100: 46217.255 | AI100: HONDA AUTOMOVEIS BRASIL LTDA | AJ100: Transferência | AK100: 2026/650571-207 | AL100: 35260701192333000394550000059725621290232330 | AM100: No Prazo | AN100: 70 | AO100: Outbound | AP100: 01.192.333/0003-94 | AR100: 133 | AU100: 01.192.333/0003-94 | AV100: SP | AW100: Sumaré | AX100: Municipal Valencio Calegari | AY100: 13181-903 | AZ100: Nova Veneza | BA100: HONDA AUTOMOVEIS DO BRASIL LTDA | BB100: Vl Das Palmeiras | BC100: 35260700233065000187572100000770081000770080 | BE100: HONDA AUTOMOVEIS DO BRASIL LTDA | BF100: 4 | BG100: Não | BI100: 46216 | BJ100: 07013-090 | BK100: PA - HONDA AUTOMOVEIS - SUMARE - SP | BM100: 23.125 | BN100: 23.125 | BQ100: PA - FILIAL SPG - GUARULHOS - SP | BS100: Em Transferência | BU100: Antonio De Souza,595 | BW100: Em Trânsito | BY100: NÃO | CB100: HON | CC100: HON | CD100: SPG | CE100: PA - FILIAL SPG - GUARULHOS - SP | CF100: SPG
...

Sheet BASE
A1: nome | B1: lat | C1: lng | D1: tipo | E1: descricao | F1: cep
A2: SANMELL MOTOS LTDA | B2: -23.991981 | C2: -46.273386 | D2: amarelo | F2: 11430-003
A3: Dp - Remaza Ipiranga | B3: -23.572917 | C3: -46.605762 | D3: amarelo | F3: 04206-000
A4: M M UNIVERSO COM MOTOC PECAS LTDA | B4: -23.225527 | C4: -45.884402 | D4: amarelo | F4: 12230-000
A5: JAPAUTO COMERCIO DE MOTOCICLETAS LT | B5: -23.664488 | C5: -46.453451 | D5: amarelo | F5: 09390-120
A6: UNITED AUTO NAGOYA LTDA | B6: -23.472449 | C6: -46.523299 | D6: amarelo | F6: 07013-090
A7: SANMELL MOTOS LTDA | B7: -23.963006 | C7: -46.380504 | D7: amarelo | F7: 11430-003
A8: MOTO REMAZA DISTR VEICULOS E PECAS | B8: -23.584644 | C8: -46.740342 | D8: amarelo | F8: 05594-010
A9: STR MOTOS LTDA | B9: -23.567262 | C9: -46.499816 | D9: amarelo | F9: 03527-904
A10: UNITED AUTO NAGOYA COMERCIO DE VEICULOS | B10: -23.567631 | C10: -46.498993 | D10: amarelo | F10: 03527-000
A11: HIURI COMERCIO DE MOTOS E SERVICOS | B11: -23.666646 | C11: -46.711714 | D11: amarelo | F11: 04768-000
A12: ASCENDANT COMERCIO DE VEICULOS LTDA | B12: -23.614083 | C12: -46.695308 | D12: amarelo | F12: 04583-110
A13: FABERGE DISTRIBUIDORA DE VEICULOS E PECAS LTDA | B13: -23.527255 | C13: -46.202499 | D13: amarelo | F13: 08730-090
... A80: SANMELL MOTOS LTDA | B80: -23.934076 | C80: -46.331133 | D80: amarelo | F80: 11430-003
A81: Japauto Comercio De Motocicletas Lt | B81: -23.645230360468418 | C81: -46.714584777261294 | D81: amarelo | F81: 04723-001
A82: Paola Horimoto | B82: -23.666410012555474 | C82: -46.71148894286938 | D82: amarelo | F82: 04768-000
A83: United Auto Nagoya Ltda | B83: -23.66013710875708 | C83: -46.53102105024517 | D83: amarelo | F83: 09040-160
A84: United Auto Nagoya Com.Veiculos Ltda | B84: -23.672905528157607 | C84: -46.56919917726045 | D84: amarelo | F84: 09609-000
A85: Moto Remaza Distr Veiculos E Pecas | B85: -23.702939884624463 | C85: -46.551696533079586 | D85: amarelo | F85: 09710-010
A86: M M Universo Com Motoc Pecas Ltda | B86: -23.685029176044825 | C86: -46.6269917754082 | D86: amarelo | F86: 09913-000
A87: Hiuri Comercio De Motos E Servicos | B87: -23.443437197978355 | C87: -46.50777669011272 | D87: amarelo | F87: 07191-000
A88: M M Universo Com De Motoc E Pecas L | B88: -23.58343166215819 | C88: -46.584135061919355 | D88: amarelo | F88: 03136-010
A89: Cb Mar Comercio De Veiculos Ltda | B89: -24.00856568074149 | C89: -46.44201163151838 | D89: amarelo | F89: 11702-200
A90: FLORA MOTORS LTDA | B90: -23.645713 | C90: -46.674637 | D90: amarelo | F90: 04627-000
A91: United Auto Nagoya Com De Veiculos | B91: -23.612776338449073 | C91: -46.72955481513777 | D91: amarelo | F91: 05724-001
A92: Daitan Comercio De Veiculos Ltda | B92: -23.625027927116182 | C92: -46.64018410424612 | D92: amarelo | F92: 04045-004
A93: Japauto Comercio De Motocicletas Lt | B93: -23.66553689549058 | C93: -46.51694219684519 | D93: amarelo | F93: 09015-320
A94: Hiuri Comercio De Motos E Servicos | B94: -23.6833116729454 | C94: -46.76892006006449 | D94: amarelo | F94: 04905-023
A95: Sanmell Motos Ltda | B95: -23.543107992149945 | C95: -46.574682646577 | D95: amarelo | F95: 11010-201
A96: JAPAUTO COMERCIO DE MOTOCICLETAS LT | B96: -23.484465656958008 | C96: -46.37825710479674 | D96: amarelo | F96: 08115-100
A97: Ascendant Comercio De Veiculos Ltda | B97: -23.670316375710623 | C97: -46.70282054657272 | D97: amarelo | F97: 04795-100 | G97: =IFERROR(VLOOKUP(B97,#REF!,6,0),"") | H97: =IFERROR(VLOOKUP(C97,#REF!,6,0),"") | I97: =IFERROR(VLOOKUP(D97,#REF!,6,0),"") | J97: =IFERROR(VLOOKUP(E97,#REF!,6,0),"") | K97: =IFERROR(VLOOKUP(F97,#REF!,6,0),"") | L97: =IFERROR(VLOOKUP(G97,#REF!,6,0),"") | M97: =IFERROR(VLOOKUP(H97,#REF!,6,0),"") | N97: =IFERROR(VLOOKUP(I97,#REF!,6,0),"") | ... XFD97: =IFERROR(VLOOKUP(XEY97,#REF!,6,0),"")
A98: Rcy Comercial Ltda | B98: -23.541720382311663 | C98: -46.51481208890511 | D98: aquamarine | F98: 03532-030
A99: KOGA KOGA CIA LTDA KOGA KOGA | B99: -23.570240101932903 | C99: -46.571102846575975 | D99: aquamarine | F99: 03191-160
A100: Jmc Coml Eletrica Ltda | B100: -23.540298709078378 | C100: -46.64108953493669 | D100: aquamarine | F100: 01209-001
A101: Santil Comercial Eletrica Eire | B101: -23.506998494350814 | C101: -46.70719221774201 | D101: aquamarine | F101: 02901-000
A102: PERIM COMERCIO DE AUTO PECAS LTDA | B102: -23.460587230910352 | C102: -46.47213637356373 | D102: aquamarine | F102: 07222-040
A103: Piqueri Com Distr De Auto Pecas Ltda | B103: -23.506753632515892 | C103: -46.7084404619219 | D103: aquamarine | F103: 02912-000
A104: Inova Comercio De Materiais El | B104: -23.564186626835532 | C104: -46.69217418890423 | D104: aquamarine | F104: 05421-001
A105: Cinomatic Do Brasil Ind E Com Maq Ltda | B105: -23.596326643309762 | C105: -46.59966437541116 | D105: aquamarine | F105: 04209-003
A106: Starke Brasil Import. E Distrib De Auto Pecas | B106: -23.51752135008566 | C106: -46.516975163773374 | D106: aquamarine | F106: 03622-010
A107: Supergloss Comercio De Cosmeticos Ltda | B107: -23.685103726374418 | C107: -46.70907383493191 | D107: aquamarine | F107: 04781-001
A108: Elevadores Atlas Schindler S.A | B108: -23.975817482075485 | C108: -46.301906934945194 | D108: aquamarine | F108: 11025-001
A109: ARMARINHOS FERNANDO LTDA | B109: -23.519580615961594 | C109: -46.70406160424958 | D109: aquamarine | F109: 05073-000
... A138: Radiante Comercio De Inst Mat Ele Ltda | B138: -23.95396936398051 | C138: -46.32586817539954 | D138: aquamarine | F138: 11050-201
A139: Fernanda Serafim | B139: -23.659392775745903 | C139: -46.70700901773724 | D139: aquamarine | F139: =IFERROR(VLOOKUP(A139,#REF!,6,0),"")
A140: Maq Ville Pecas E Servicos Ltda | B140: -23.57495651130175 | C140: -46.707742261919755 | D140: aquamarine | F140: =IFERROR(VLOOKUP(A140,#REF!,6,0),"")
A141: Tabata Fernandes | B141: -23.51453189363787 | C141: -46.716306704249874 | D141: aquamarine | F141: 05092-000
A142: Comdip Comercial Distribuidora De P | B142: -23.521530781950837 | C142: -46.69849780424954 | D142: aquamarine | F142: 05033-002
A143: C. Santos Furtado Ltda | B143: -23.461383948696703 | C143: -46.479375675415525 | D143: aquamarine | F143: 07223-230
A144: Bodysarver Suplementos Ltda | B144: -23.589731204393118 | C144: -46.574012233083224 | D144: aquamarine | F144: 03143-003
A145: Avante Care Servicos E Produtos De Saude Ltda | B145: -23.64274192606477 | C145: -46.64310389075358 | D145: aquamarine | F145: 04321-120
A146: Fortaleza Comercio E Dist Mat Ltda - Me | B146: -23.476514538432284 | C146: -46.59545724843076 | D146: aquamarine | F146: 02265-001
A147: Mamae Presentes Loja De Departamentos Ltda | B147: -23.541769061647962 | C147: -46.61482479075674 | D147: aquamarine | F147: 03001-000
A148: 165 Alto Alegre Incorporadora Spe Ltda | B148: -23.54481925248548 | C148: -46.64395151959273 | D148: aquamarine | F148: 01046-926
A149: Compel Automotiva Ltda Compel | B149: -23.67261604247108 | C149: -46.71529357675719 | D149: aquamarine | F149: 04764-080
A150: Cooperpecas Distribudora De Pecas L | B150: -23.62555208712772 | C150: -46.50243890424619 | D150: aquamarine | F150: 09260-510
A151: Schiavo Comercio De Auto Pecas Eireli | B151: -23.641505224579785 | C151: -46.56221554842542 | D151: aquamarine | F151: 09572-300
A152: Primos Distribuicao De Pecas E Acessorios Ltda | B152: -23.60142351926289 | C152: -46.58718776515003 | D152: aquamarine | F152: 04225-080
... A205: Eletrica Uniao Materiais Eletricos E Hidraulicos Ltda Me-(25 | B205: -23.69272079376143 | C205: -46.62206797540802 | D205: aquamarine | F205: 09912-000
A206: Perfumaria 2000 Ltda | B206: -23.443433 | C206: -46.539955 | D206: aquamarine | F206: 07097-420
A207: Eletrica Takei Comercio Ltda-(2500027842 | B207: -23.467872892694857 | C207: -46.52689856192326 | D207: aquamarine | F207: 07110-000
A208: A3 ELETRO MONTAGENS LTDA | B208: -23.68115115980192 | C208: -46.61749687355675 | D208: aquamarine | F208: 08020-010
A209: A3 Eletro Coml Lt | B209: -23.53952372205 | C209: -46.63417618890515 | D209: aquamarine | F209: 01031-001
A210: Netzach Comercio Varejista De Perfumaria E Conveniencia Ltda | B210: -23.676287 | C210: -46.676811 | D210: aquamarine | F210: 04661-200
A211: Parfum Monde Comercio Varejista De Perfumaria E Conveniencia | B211: -23.676287 | C211: -46.676811 | D211: aquamarine | F211: 04661-200
A212: Anvi Comercio E Industria Eireli | B212: -23.68182521821627 | C212: -46.61590146191636 | D212: aquamarine | F212: 09921-005
A213: Madolinnissi | B213: -23.658153446204434 | C213: -46.65614408890137 | D213: aquamarine | F213: 04377-038
A214: Rfm Canvas Of900 Empreendimento Imobiliario Ltda | B214: -23.594170884683102 | C214: -46.683786734934856 | D214: aquamarine | F214: 04552-020
A215: Tulum Empreendimentos Imobiliarios S A | B215: -23.626898630203456 | C215: -46.69173523308207 | D215: aquamarine | F215: 01455-000
A216: Construtoraeincorporadorafaleirosltdacar | B216: -23.614870067388274 | C216: -46.74273653705097 | D216: aquamarine | F216: 05711-001
A217: Fogoes Shop Ltda | B217: -23.566717829058476 | C217: -46.69030711959189 | D217: aquamarine | F217: 05421-000
A218: Takara Takara E Irmao Ltda | B218: -23.475692940628466 | C218: -46.674192646579144 | D218: aquamarine | F218: 02739-000
A219: Materiais Eletricos Strahl Ltda | B219: -23.446575761860768 | C219: -46.59580371774405 | D219: aquamarine | F219: 02306-004
A220: Yoshie Iwamura | B220: -23.630764153103414 | C220: -46.59911116191798 | D220: aquamarine | F220: 04182-001
A221: Neppe Materiais Eletricos Ltda | B221: -23.65102394237837 | C221: -46.56211353308141 | D221: aquamarine | F221: 09061-410
A222: Contemp Ind. Com. E Servicos Ltda | B222: -23.637416632843482 | C222: -46.556180946573946 | D222: aquamarine | F222: 09560-000
A223: POPPI E LIMA IND E COM ELETRICO LTDA | B223: -23.612994754699354 | C223: -46.602122519590445 | D223: aquamarine | F223: 04286-000
... A225: Alqbeauty Comercio Varejista De Perfumaria E Cosmetica Ltda | B225: -23.678422094546857 | C225: -46.69861766191645 | D225: aquamarine | F225: 04795-921
A226: Center Mega Comercio De Materiais Para Construcao Ltda | B226: -23.741068 | C226: -46.707395 | D226: aquamarine | F226: 04836-130
A227: Asturias Comercio De Madeiras E Mat | B227: -23.977313431750737 | C227: -46.27092780447152 | D227: aquamarine | F227: 11420-440
A228: Puddo Construtora E Incorporadora Ltda | B228: -24.005368282942616 | C228: -46.42449347408012 | D228: aquamarine | F228: 11701-490
A229: Sapiens - Consultoria De Marketing | B229: -23.565286730918853 | C229: -46.70550650424805 | D229: aquamarine | F229: 05505-040
A230: Atacadao S.A | B230: -23.550042703558045 | C230: -46.184092404248624 | D230: aquamarine | F230: 08717-490
A231: Da Vinci Distribuidora De Pecas Ltd | B231: -23.63928062233058 | C231: -46.63414708890182 | D231: aquamarine | F231: 04313-002
A232: Dotto Comercio De Auto Pecas Ltda | B232: -23.690785537096936 | C232: -46.5889118060957 | D232: aquamarine | F232: 09950-000
A233: Essek Comercial Importadora | B233: -23.45999612349991 | C233: -46.573970788907694 | D233: aquamarine | F233: 02279-000
A234: Elo Refrigeracao Ltda | B234: -23.653707137187507 | C234: -46.70243978890153 | D234: aquamarine | F234: 04743-020
A235: Eldorado Comercio De Refrigeracao | B235: -23.585763897261405 | C235: -46.7212544330835 | D235: aquamarine | F235: 05616-010
A236: F. M. P. Comercio De Pecas | B236: -23.443437197978355 | C236: -46.50777669011272 | D236: aquamarine | F236: 07191-000
A237: Fernanda Serafim | B237: -23.659373121649352 | C237: -46.70699828890128 | D237: aquamarine | F237: 04746-110
A238: Maq Ville Pecas E Servicos Ltda | B238: -23.575035178332552 | C238: -46.70773153308379 | D238: aquamarine | F238: 05510-001
... A241: R F Da Silva Ar | B241: -23.521785645066064 | C241: -46.49809266192134 | D241: aquamarine | F241: 03663-000
A242: Paranagua Frio Refrigeracao Ltda | B242: -23.490955 | C242: -46.479215 | D242: aquamarine | F242: 03806-010
A243: Urso Branco Pecas Para Refrigeracao | B243: -23.60700083545093 | C243: -46.47942087355913 | D243: aquamarine | F243: 03963-020
A244: Wfa Comercio De Pecas Para Refriger | B244: -23.667070472550947 | C244: -46.728927574541984 | D244: aquamarine | F244: 04902-005
A245: Tecfast Comercio E Servicos Tecnicos Lim | B245: -23.527173064698214 | C245: -46.70205167327835 | D245: aquamarine | F245: 05051-040
A246: Refrigeracao.Com Comercial Ltda | B246: -23.554974049556094 | C246: -46.750799275359256 | D246: aquamarine | F246: 05340-002
A247: Silva Pecas De Eletrodomesticos | B247: -23.55716718058448 | C247: -46.40011037726424 | D247: aquamarine | F247: 08461-110
A248: Refrigeracao Sao Caetano Ltda - Epp | B248: -23.6081604375372 | C248: -46.570857975410725 | D248: aquamarine | F248: 09520-310
A249: Samatec Comerce Servicos E Pecas Ltda-Epp | B249: -23.626346106382503 | C249: -46.50322554657412 | D249: aquamarine | F249: 09251-000
...
